ISO,Country Name,Year,Sex,Overweight,Wasting,Stunting,Mean
AFG,Afghanistan,2004,0,6.3,10.8,92.6,51.7
AFG,Afghanistan,2004,1,2.6,13.6,89.4,51.5
AFG,Afghanistan,2004,999,4.6,12.1,91.1,51.6
AFG,Afghanistan,2013,0,4.9,14.8,62.3,38.55
AFG,Afghanistan,2013,1,5.8,12.2,59.4,35.8
AFG,Afghanistan,2013,999,5.3,13.5,60.8,37.15
AFG,Afghanistan,2018,0,4,7.8,57.1,32.45
AFG,Afghanistan,2018,1,4.2,5.5,58.1,31.8
AFG,Afghanistan,2018,999,4.1,6.7,57.6,32.15
AGO,Angola,1996,0,2.2,9.4,99.9,54.65
AGO,Angola,1996,1,1.3,9.6,92,50.8
AGO,Angola,1996,999,1.7,9.5,96,52.75
AGO,Angola,2015,0,3.1,6.9,58.2,32.55
AGO,Angola,2015,1,3.6,5.2,47.2,26.2
AGO,Angola,2015,999,3.4,6,52.8,29.4
ALB,Albania,2000,0,29.4,19.8,66.7,43.25
ALB,Albania,2000,1,30.7,17,59.2,38.1
ALB,Albania,2000,999,30.1,18.4,63,40.7
ALB,Albania,2005,0,24.5,10.6,41.5,26.05
ALB,Albania,2005,1,25.2,11.6,34.3,22.95
ALB,Albania,2005,999,24.8,11,38.2,24.6
ALB,Albania,2009,0,23.2,19.4,36.9,28.15
ALB,Albania,2009,1,23.3,11.6,38.7,25.15
ALB,Albania,2009,999,23.2,15.5,37.8,26.65
ALB,Albania,2017,0,17.4,1.6,15.5,8.55
ALB,Albania,2017,1,15.4,2.7,15,8.85
ALB,Albania,2017,999,16.4,2.1,15.2,8.65
ARG,Argentina,2005,0,10.2,1.3,9.8,5.55
ARG,Argentina,2005,1,9.5,1.6,10,5.8
ARG,Argentina,2005,999,9.9,1.4,10,5.7
ARM,Armenia,1998,0,10.4,5.6,20.2,12.9
ARM,Armenia,1998,1,11.4,2.7,22.9,12.8
ARM,Armenia,1998,999,10.8,4.3,21.4,12.85
ARM,Armenia,2000,0,19.4,3.6,23.4,13.5
ARM,Armenia,2000,1,10.7,2.9,20.9,11.9
ARM,Armenia,2000,999,15.7,3.2,22.3,12.75
ARM,Armenia,2005,0,13.3,8.5,22.3,15.4
ARM,Armenia,2005,1,9,7.4,23.3,15.35
ARM,Armenia,2005,999,11.4,8,22.8,15.4
ARM,Armenia,2010,0,18.3,7.3,31.2,19.25
ARM,Armenia,2010,1,14.4,4.7,30.2,17.45
ARM,Armenia,2010,999,16.5,6.1,30.7,18.4
ARM,Armenia,2016,0,14.6,5.6,15.4,10.5
ARM,Armenia,2016,1,12.7,6.9,10.7,8.8
ARM,Armenia,2016,999,13.7,6.1,13.2,9.65
AZE,Azerbaijan,2000,0,6.7,13.4,35,24.2
AZE,Azerbaijan,2000,1,5.7,12.8,33.9,23.35
AZE,Azerbaijan,2000,999,6.2,13.1,34.5,23.8
AZE,Azerbaijan,2006,0,14.9,10.9,43,26.95
AZE,Azerbaijan,2006,1,12.7,6.7,36.5,21.6
AZE,Azerbaijan,2006,999,13.9,9,39.9,24.45
AZE,Azerbaijan,2011,0,11.2,10.7,25.2,17.95
AZE,Azerbaijan,2011,1,9.3,8.2,22.5,15.35
AZE,Azerbaijan,2011,999,10.4,9.5,24,16.75
AZE,Azerbaijan,2013,0,15.1,5.4,26.6,16
AZE,Azerbaijan,2013,1,12.8,2.8,24,13.4
AZE,Azerbaijan,2013,999,14.1,4.3,25.5,14.9
BDI,Burundi,2000,0,1.8,11.4,104.6,58
BDI,Burundi,2000,1,1.3,8.1,92.9,50.5
BDI,Burundi,2000,999,1.5,9.7,98.6,54.15
BDI,Burundi,2010,0,3.1,7.6,93.8,50.7
BDI,Burundi,2010,1,2.7,7.1,75.2,41.15
BDI,Burundi,2010,999,2.9,7.4,84.7,46.05
BDI,Burundi,2016,0,1.5,6.8,87.1,46.95
BDI,Burundi,2016,1,1.2,5.2,74.8,40
BDI,Burundi,2016,999,1.4,6,80.9,43.45
BDI,Burundi,2018,0,1.9,6.3,88.4,47.35
BDI,Burundi,2018,1,1.6,5,75.1,40.05
BDI,Burundi,2018,999,1.8,5.6,81.7,43.65
BDI,Burundi,2019,0,3,6.8,84.6,45.7
BDI,Burundi,2019,1,2.6,4.8,72.8,38.8
BDI,Burundi,2019,999,2.8,5.8,78.6,42.2
BEL,Belgium,2014,0,2.4,0,0,0
BEL,Belgium,2014,1,5.4,0.8,3.9,2.35
BEL,Belgium,2014,999,3.9,0.4,2,1.2
BEN,Benin,2001,0,3.5,14,53.1,33.55
BEN,Benin,2001,1,2.7,10.3,48.1,29.2
BEN,Benin,2001,999,3.1,12.1,50.7,31.4
BEN,Benin,2008,0,1.6,7.3,56.4,31.85
BEN,Benin,2008,1,1.4,4.9,45,24.95
BEN,Benin,2008,999,1.5,6.1,50.9,28.5
BEN,Benin,2014,0,2.2,6.3,49.2,27.75
BEN,Benin,2014,1,1.3,4.4,43.2,23.8
BEN,Benin,2014,999,1.7,5.4,46.1,25.75
BEN,Benin,2018,0,1.8,6.9,47.5,27.2
BEN,Benin,2018,1,1.9,5.1,38.5,21.8
BEN,Benin,2018,999,1.9,6.1,43.1,24.6
BFA,Burkina Faso,1993,0,2.9,21.9,59.3,40.6
BFA,Burkina Faso,1993,1,2.8,20.8,51.4,36.1
BFA,Burkina Faso,1993,999,2.8,21.3,55.4,38.35
BFA,Burkina Faso,1999,0,2.2,23.9,65,44.45
BFA,Burkina Faso,1999,1,1.6,18.2,57.3,37.75
BFA,Burkina Faso,1999,999,1.9,21.1,61.3,41.2
BFA,Burkina Faso,2010,0,2.7,23,53.4,38.2
BFA,Burkina Faso,2010,1,2.9,19.8,45.6,32.7
BFA,Burkina Faso,2010,999,2.8,21.4,49.6,35.5
BFA,Burkina Faso,2011,0,0.8,14.3,52.6,33.45
BFA,Burkina Faso,2011,1,0.6,10.8,40.7,25.75
BFA,Burkina Faso,2011,999,0.7,12.6,46.8,29.7
BFA,Burkina Faso,2012,0,0.7,14.9,49.5,32.2
BFA,Burkina Faso,2012,1,0.4,10.1,36.6,23.35
BFA,Burkina Faso,2012,999,0.6,12.5,43.2,27.85
BFA,Burkina Faso,2013,0,1,10.5,44.5,27.5
BFA,Burkina Faso,2013,1,0.6,8.7,36.2,22.45
BFA,Burkina Faso,2013,999,0.8,9.7,40.4,25.05
BFA,Burkina Faso,2014,0,1.3,11.3,41.1,26.2
BFA,Burkina Faso,2014,1,1,9.1,33.3,21.2
BFA,Burkina Faso,2014,999,1.1,10.2,37.3,23.75
BFA,Burkina Faso,2015,0,1,13.7,44.1,28.9
BFA,Burkina Faso,2015,1,0.8,10.8,34.2,22.5
BFA,Burkina Faso,2015,999,0.9,12.3,39.3,25.8
BFA,Burkina Faso,2016,0,1.2,10.3,39.3,24.8
BFA,Burkina Faso,2016,1,1.3,7.3,28.4,17.85
BFA,Burkina Faso,2016,999,1.2,8.9,34,21.45
BFA,Burkina Faso,2017,0,2,11.8,29.3,20.55
BFA,Burkina Faso,2017,1,1.3,9.2,23.8,16.5
BFA,Burkina Faso,2017,999,1.7,10.5,26.6,18.55
BFA,Burkina Faso,2018,0,1,11.5,35.6,23.55
BFA,Burkina Faso,2018,1,1,8.5,27.8,18.15
BFA,Burkina Faso,2018,999,1,10.1,31.8,20.95
BFA,Burkina Faso,2019,0,1.5,10.3,34.1,22.2
BFA,Burkina Faso,2019,1,1.7,7.9,27.2,17.55
BFA,Burkina Faso,2019,999,1.6,9.1,30.7,19.9
BGD,Bangladesh,1997,0,2.1,29.8,93.7,61.75
BGD,Bangladesh,1997,1,2.6,25.3,92.2,58.75
BGD,Bangladesh,1997,999,2.4,27.5,93,60.25
BGD,Bangladesh,2000,0,1,15.7,75.4,45.55
BGD,Bangladesh,2000,1,0.8,14.2,74.1,44.15
BGD,Bangladesh,2000,999,0.9,15,74.7,44.85
BGD,Bangladesh,2004,0,0.8,19.4,74.2,46.8
BGD,Bangladesh,2004,1,1.1,16.8,70.9,43.85
BGD,Bangladesh,2004,999,0.9,18.1,72.6,45.35
BGD,Bangladesh,2007,0,1.2,21.7,60.2,40.95
BGD,Bangladesh,2007,1,1,19,58.6,38.8
BGD,Bangladesh,2007,999,1.1,20.4,59.4,39.9
BGD,Bangladesh,2011,0,1.7,20.3,55.5,37.9
BGD,Bangladesh,2011,1,2.1,19.3,58,38.65
BGD,Bangladesh,2011,999,1.9,19.8,56.7,38.25
BGD,Bangladesh,2013,0,2.3,18,57.7,37.85
BGD,Bangladesh,2013,1,1.8,16.15,55.1,35.625
BGD,Bangladesh,2013,999,2.1,17.1,56.4,36.75
BGD,Bangladesh,2014,0,1.6,19,48.8,33.9
BGD,Bangladesh,2014,1,1.5,16.1,47.1,31.6
BGD,Bangladesh,2014,999,1.6,17.6,48,32.8
BGD,Bangladesh,2018,0,2.6,10.8,39.9,25.35
BGD,Bangladesh,2018,1,1.8,8.9,39.7,24.3
BGD,Bangladesh,2018,999,2.2,9.9,39.8,24.85
BGD,Bangladesh,2019,0,2.6,12.9,37,24.95
BGD,Bangladesh,2019,1,2.3,11.2,36.5,23.85
BGD,Bangladesh,2019,999,2.4,12.1,36.8,24.45
BGR,Bulgaria,2007,0,7.6,5.9,11.6,8.75
BGR,Bulgaria,2007,1,6.1,5.7,12,8.85
BGR,Bulgaria,2007,999,6.9,5.8,11.8,8.8
BGR,Bulgaria,2014,0,9.6,9.5,17.8,13.65
BGR,Bulgaria,2014,1,4.1,8.2,5.5,6.85
BGR,Bulgaria,2014,999,6.9,8.8,12.1,10.45
BIH,Bosnia and Herzegovina,2000,0,16.7,12,18.4,15.2
BIH,Bosnia and Herzegovina,2000,1,15.9,9.5,14.9,12.2
BIH,Bosnia and Herzegovina,2000,999,16.3,10.9,16.7,13.8
BIH,Bosnia and Herzegovina,2006,0,27.4,5.7,18.6,12.15
BIH,Bosnia and Herzegovina,2006,1,24,5.4,16.2,10.8
BIH,Bosnia and Herzegovina,2006,999,25.7,5.5,17.5,11.5
BIH,Bosnia and Herzegovina,2012,0,16.7,4.1,13.1,8.6
BIH,Bosnia and Herzegovina,2012,1,18,3.8,12.4,8.1
BIH,Bosnia and Herzegovina,2012,999,17.4,3.9,12.7,8.3
BLR,Belarus,2005,0,11.3,3.4,6.4,4.9
BLR,Belarus,2005,1,8.1,2.2,4.9,3.55
BLR,Belarus,2005,999,9.7,2.8,5.7,4.25
BLZ,Belize,2006,0,15.7,3.9,30.9,17.4
BLZ,Belize,2006,1,11.8,1.7,27.5,14.6
BLZ,Belize,2006,999,13.6,2.7,29.1,15.9
BLZ,Belize,2011,0,8.6,4.1,24.3,14.2
BLZ,Belize,2011,1,7.1,4.9,25.2,15.05
BLZ,Belize,2011,999,7.9,4.5,24.7,14.6
BLZ,Belize,2015,0,8,2.7,18.9,10.8
BLZ,Belize,2015,1,6.5,1.8,16.1,8.95
BLZ,Belize,2015,999,7.3,2.3,17.6,9.95
BOL,Bolivia (Plurinational State of),1998,0,11.4,2.6,49.2,25.9
BOL,Bolivia (Plurinational State of),1998,1,9.9,2.1,43.3,22.7
BOL,Bolivia (Plurinational State of),1998,999,10.7,2.3,46.3,24.3
BOL,Bolivia (Plurinational State of),2003,0,9.1,2.6,45.3,23.95
BOL,Bolivia (Plurinational State of),2003,1,9.3,2.1,42,22.05
BOL,Bolivia (Plurinational State of),2003,999,9.2,2.3,43.7,23
BOL,Bolivia (Plurinational State of),2008,0,9.2,2.6,36.3,19.45
BOL,Bolivia (Plurinational State of),2008,1,8.1,1.2,33.7,17.45
BOL,Bolivia (Plurinational State of),2008,999,8.7,1.9,35,18.45
BOL,Bolivia (Plurinational State of),2012,0,7.9,2.7,25.2,13.95
BOL,Bolivia (Plurinational State of),2012,1,6.8,1.4,19.4,10.4
BOL,Bolivia (Plurinational State of),2012,999,7.4,2,22.3,12.15
BOL,Bolivia (Plurinational State of),2016,0,11.1,3.6,20.5,12.05
BOL,Bolivia (Plurinational State of),2016,1,9.2,2.1,20.4,11.25
BOL,Bolivia (Plurinational State of),2016,999,10.1,2.9,20.4,11.65
BRA,Brazil,1989,0,7.9,4,27.8,15.9
BRA,Brazil,1989,1,6.9,2.7,24.6,13.65
BRA,Brazil,1989,999,7.4,3.3,26.2,14.75
BRA,Brazil,1996,0,6.8,4,19.6,11.8
BRA,Brazil,1996,1,5.3,3.6,14.1,8.85
BRA,Brazil,1996,999,6.1,3.8,16.9,10.35
BRA,Brazil,2007,0,6,2.3,9.2,5.75
BRA,Brazil,2007,1,6.8,2.1,7.1,4.6
BRA,Brazil,2007,999,6.4,2.2,8.3,5.25
BRB,Barbados,2012,0,11.3,10.5,12.9,11.7
BRB,Barbados,2012,1,13.3,6.7,8.4,7.55
BRB,Barbados,2012,999,12.2,8.8,10.8,9.8
BRN,Brunei Darussalam,2009,0,8.9,3.1,29.7,16.4
BRN,Brunei Darussalam,2009,1,7.8,3.5,19.5,11.5
BRN,Brunei Darussalam,2009,999,8.3,3.3,24.5,13.9
BTN,Bhutan,1999,0,4.6,4.2,74.1,39.15
BTN,Bhutan,1999,1,3.3,2.4,60.3,31.35
BTN,Bhutan,1999,999,3.9,3.3,67.2,35.25
BTN,Bhutan,2008,0,5.9,6.6,49.8,28.2
BTN,Bhutan,2008,1,4.9,5,43.6,24.3
BTN,Bhutan,2008,999,5.4,5.9,46.9,26.4
BTN,Bhutan,2010,0,7.5,8.4,47,27.7
BTN,Bhutan,2010,1,7.6,7.4,46.7,27.05
BTN,Bhutan,2010,999,7.6,7.9,46.8,27.35
BWA,Botswana,2000,0,10.1,9.3,44.7,27
BWA,Botswana,2000,1,10.1,8,36.9,22.45
BWA,Botswana,2000,999,10.1,8.6,40.7,24.65
BWA,Botswana,2007,0,9.6,10,46,28
BWA,Botswana,2007,1,10.3,10.6,37,23.8
BWA,Botswana,2007,999,10,10.3,41.5,25.9
CAF,Central African Republic,2000,0,10.6,17,72.5,44.75
CAF,Central African Republic,2000,1,11,13.1,64.1,38.6
CAF,Central African Republic,2000,999,10.8,15.1,68.3,41.7
CAF,Central African Republic,2006,0,8.3,18.2,74.2,46.2
CAF,Central African Republic,2006,1,9,16,62.9,39.45
CAF,Central African Republic,2006,999,8.6,17.1,68.7,42.9
CAF,Central African Republic,2010,0,2,11.1,64.1,37.6
CAF,Central African Republic,2010,1,1.7,7.5,54,30.75
CAF,Central African Republic,2010,999,1.8,9.3,59,34.15
CAF,Central African Republic,2012,0,2.2,10.7,61.1,35.9
CAF,Central African Republic,2012,1,1.8,7.2,52.5,29.85
CAF,Central African Republic,2012,999,2,9,56.8,32.9
CAF,Central African Republic,2014,0,2.3,8.8,58.7,33.75
CAF,Central African Republic,2014,1,1.9,6.1,47.1,26.6
CAF,Central African Republic,2014,999,2.1,7.5,53.1,30.3
CAF,Central African Republic,2018,0,1.3,9.1,58.2,33.65
CAF,Central African Republic,2018,1,0.7,7,46,26.5
CAF,Central African Republic,2018,999,1,8.1,52.2,30.15
CAF,Central African Republic,2019,0,2.5,7.35,63.15,35.25
CAF,Central African Republic,2019,1,2.2,5.7,54.05,29.875
CAF,Central African Republic,2019,999,2.35,6.5,58.55,32.525
CHN,China,1990,0,5.3,6.1,45.6,25.85
CHN,China,1990,1,5.4,5.2,47.3,26.25
CHN,China,1990,999,5.3,5.6,46.4,26
CHN,China,1992,0,7.4,5.5,56.2,30.85
CHN,China,1992,1,6.9,4.8,52.3,28.55
CHN,China,1992,999,7.2,5.2,54.4,29.8
CHN,China,1995,0,13.3,7.9,47.7,27.8
CHN,China,1995,1,13.8,5.5,43.9,24.7
CHN,China,1995,999,13.6,6.8,45.9,26.35
CHN,China,1998,0,6.1,3.2,26.4,14.8
CHN,China,1998,1,4.8,2.7,24.6,13.65
CHN,China,1998,999,5.5,3,25.6,14.3
CHN,China,2000,0,3.9,3.3,23.9,13.6
CHN,China,2000,1,2.8,2.5,22.3,12.4
CHN,China,2000,999,3.4,3,23.1,13.05
CHN,China,2002,0,9.9,4.3,31.2,17.75
CHN,China,2002,1,8.2,3.4,28.2,15.8
CHN,China,2002,999,9.2,3.8,29.8,16.8
CHN,China,2005,0,6.5,4.2,16.3,10.25
CHN,China,2005,1,5.2,2.9,13.8,8.35
CHN,China,2005,999,5.9,3.7,15.1,9.4
CHN,China,2010,0,7.5,3.2,12.8,8
CHN,China,2010,1,5.6,2.7,11.1,6.9
CHN,China,2010,999,6.6,3,12,7.5
CIV,Côte d'Ivoire,1986,0,5.9,11.9,31.8,21.85
CIV,Côte d'Ivoire,1986,1,5.8,10.6,22.9,16.75
CIV,Côte d'Ivoire,1986,999,5.8,11.2,27.4,19.3
CIV,Côte d'Ivoire,1998,0,5.2,8.9,44.3,26.6
CIV,Côte d'Ivoire,1998,1,4,8.6,43.3,25.95
CIV,Côte d'Ivoire,1998,999,4.6,8.8,43.8,26.3
CIV,Côte d'Ivoire,2007,0,5,21.8,58.8,40.3
CIV,Côte d'Ivoire,2007,1,4.9,16.5,55.1,35.8
CIV,Côte d'Ivoire,2007,999,4.9,19.4,57,38.2
CIV,Côte d'Ivoire,2012,0,3.5,11.6,46.2,28.9
CIV,Côte d'Ivoire,2012,1,3,7.3,38.6,22.95
CIV,Côte d'Ivoire,2012,999,3.2,9.4,42.3,25.85
CIV,Côte d'Ivoire,2016,0,1.8,8.1,30.9,19.5
CIV,Côte d'Ivoire,2016,1,1.1,6.5,25.9,16.2
CIV,Côte d'Ivoire,2016,999,1.5,7.3,28.4,17.85
CMR,Cameroon,1991,0,6,5.7,47.4,26.55
CMR,Cameroon,1991,1,3.4,5.6,41.1,23.35
CMR,Cameroon,1991,999,4.7,5.6,44.3,24.95
CMR,Cameroon,2004,0,10.3,8.3,54.4,31.35
CMR,Cameroon,2004,1,7.2,8.7,50.2,29.45
CMR,Cameroon,2004,999,8.7,8.5,52.3,30.4
CMR,Cameroon,2006,0,10.2,11.4,60.3,35.85
CMR,Cameroon,2006,1,10.8,8.9,50.2,29.55
CMR,Cameroon,2006,999,10.5,10.2,55.3,32.75
CMR,Cameroon,2011,0,7.7,9.1,51.8,30.45
CMR,Cameroon,2011,1,5.3,6.3,42.5,24.4
CMR,Cameroon,2011,999,6.5,7.7,47.1,27.4
CMR,Cameroon,2014,0,7.1,7.1,47.5,27.3
CMR,Cameroon,2014,1,6.2,5.9,41.4,23.65
CMR,Cameroon,2014,999,6.7,6.5,44.6,25.55
CMR,Cameroon,2018,0,12.2,6.6,45.8,26.2
CMR,Cameroon,2018,1,9.7,5.2,39,22.1
CMR,Cameroon,2018,999,11,5.9,42.4,24.15
COD,Democratic Republic of the Congo,2001,0,6.8,23.8,74.3,49.05
COD,Democratic Republic of the Congo,2001,1,6.6,20,64.9,42.45
COD,Democratic Republic of the Congo,2001,999,6.7,22,69.6,45.8
COD,Democratic Republic of the Congo,2007,0,6.7,17.6,74.6,46.1
COD,Democratic Republic of the Congo,2007,1,7.4,12.8,67.2,40
COD,Democratic Republic of the Congo,2007,999,7,15.2,70.9,43.05
COD,Democratic Republic of the Congo,2010,0,5.1,12.5,71.9,42.2
COD,Democratic Republic of the Congo,2010,1,4.7,10.1,59.3,34.7
COD,Democratic Republic of the Congo,2010,999,4.9,11.3,65.6,38.45
COD,Democratic Republic of the Congo,2013,0,4.5,12.6,70,41.3
COD,Democratic Republic of the Congo,2013,1,4.4,9.3,60.6,34.95
COD,Democratic Republic of the Congo,2013,999,4.4,11,65.3,38.15
COD,Democratic Republic of the Congo,2017,0,3.8,9.2,68.9,39.05
COD,Democratic Republic of the Congo,2017,1,3.8,7.8,56.7,32.25
COD,Democratic Republic of the Congo,2017,999,3.8,8.4,62.6,35.5
COG,Congo,2005,0,8.5,11.6,51,31.3
COG,Congo,2005,1,8.6,10.6,41.8,26.2
COG,Congo,2005,999,8.5,11,46.5,28.75
COG,Congo,2011,0,3.5,7.9,33.2,20.55
COG,Congo,2011,1,3.5,7.6,31.9,19.75
COG,Congo,2011,999,3.5,7.7,32.5,20.1
COG,Congo,2014,0,4.8,11.8,30.8,21.3
COG,Congo,2014,1,7,9.8,28,18.9
COG,Congo,2014,999,5.9,10.8,29.4,20.1
COL,Colombia,1995,0,4.9,2.2,27.8,15
COL,Colombia,1995,1,4.1,2.3,21.6,11.95
COL,Colombia,1995,999,4.5,2.2,24.7,13.45
COL,Colombia,2000,0,6.3,1.5,23.9,12.7
COL,Colombia,2000,1,4.3,1.3,20.9,11.1
COL,Colombia,2000,999,5.3,1.4,22.4,11.9
COL,Colombia,2005,0,4.2,2.1,21.3,11.7
COL,Colombia,2005,1,4.1,1.9,17.3,9.6
COL,Colombia,2005,999,4.2,2,19.3,10.65
COL,Colombia,2010,0,5.4,1.1,16.7,8.9
COL,Colombia,2010,1,4.2,1.1,13.5,7.3
COL,Colombia,2010,999,4.8,1.1,15.2,8.15
COL,Colombia,2016,0,6.7,2,18.3,10.15
COL,Colombia,2016,1,4.7,2.1,12.9,7.5
COL,Colombia,2016,999,5.7,2,15.6,8.8
COM,Comoros,2000,0,20.9,22.8,75.6,49.2
COM,Comoros,2000,1,22.2,18,77.1,47.55
COM,Comoros,2000,999,21.5,20.5,76.3,48.4
COM,Comoros,2012,0,11.2,15.7,50.8,33.25
COM,Comoros,2012,1,10,15.6,43.9,29.75
COM,Comoros,2012,999,10.6,15.7,47.3,31.5
CRI,Costa Rica,2018,0,8.2,1.9,10.9,6.4
CRI,Costa Rica,2018,1,6.9,2,8.7,5.35
CRI,Costa Rica,2018,999,7.5,1.9,9.9,5.9
CUB,Cuba,2019,0,11.9,2.6,8.3,5.45
CUB,Cuba,2019,1,8.7,2.7,6.6,4.65
CUB,Cuba,2019,999,10.3,2.6,7.5,5.05
CZE,Czechia,2001,0,4.7,6.4,3.9,5.15
CZE,Czechia,2001,1,4.1,4.9,2.7,3.8
CZE,Czechia,2001,999,4.4,5.6,3.3,4.45
DEU,Germany,2004,0,3.6,1.5,1.8,1.65
DEU,Germany,2004,1,3.3,0.8,1.4,1.1
DEU,Germany,2004,999,3.5,1.1,1.5,1.3
DJI,Djibouti,2002,0,7.9,30.2,41.1,35.65
DJI,Djibouti,2002,1,8.8,27.8,39,33.4
DJI,Djibouti,2002,999,8.4,29,40,34.5
DJI,Djibouti,2012,0,7.8,33,52.6,42.8
DJI,Djibouti,2012,1,8.5,28.2,52.1,40.15
DJI,Djibouti,2012,999,8.1,30.7,52.3,41.5
DOM,Dominican Republic,1991,0,4.2,2.9,32,17.45
DOM,Dominican Republic,1991,1,4.4,2.6,23.9,13.25
DOM,Dominican Republic,1991,999,4.3,2.7,28.1,15.4
DOM,Dominican Republic,1996,0,7.1,3.3,20.5,11.9
DOM,Dominican Republic,1996,1,6.2,2,14.3,8.15
DOM,Dominican Republic,1996,999,6.7,2.6,17.5,10.05
DOM,Dominican Republic,2000,0,6.6,2.1,11.7,6.9
DOM,Dominican Republic,2000,1,7.1,1.8,7.5,4.65
DOM,Dominican Republic,2000,999,6.9,2,9.8,5.9
DOM,Dominican Republic,2002,0,9.1,3.5,17.6,10.55
DOM,Dominican Republic,2002,1,8.1,2.6,13.2,7.9
DOM,Dominican Republic,2002,999,8.6,3,15.4,9.2
DOM,Dominican Republic,2006,0,7.1,2.2,12.4,7.3
DOM,Dominican Republic,2006,1,5.4,2.1,8.3,5.2
DOM,Dominican Republic,2006,999,6.2,2.1,10.4,6.25
DOM,Dominican Republic,2007,0,9.1,3.6,13.7,8.65
DOM,Dominican Republic,2007,1,7.5,2.7,11.2,6.95
DOM,Dominican Republic,2007,999,8.3,3.2,12.6,7.9
DOM,Dominican Republic,2013,0,7.9,4.1,10.4,7.25
DOM,Dominican Republic,2013,1,7.3,2.4,8,5.2
DOM,Dominican Republic,2013,999,7.6,3.2,9.2,6.2
DZA,Algeria,1992,0,9,9.9,31.1,20.5
DZA,Algeria,1992,1,8.4,10.4,30.8,20.6
DZA,Algeria,1992,999,8.7,10.1,30.9,20.5
DZA,Algeria,1995,0,13.8,14.2,33.2,23.7
DZA,Algeria,1995,1,12.5,13.3,32,22.65
DZA,Algeria,1995,999,13.2,13.8,32.7,23.25
DZA,Algeria,2000,0,14.1,4.6,33.3,18.95
DZA,Algeria,2000,1,15.4,3.8,29.9,16.85
DZA,Algeria,2000,999,14.7,4.2,31.7,17.95
DZA,Algeria,2002,0,15.7,15.1,38.6,26.85
DZA,Algeria,2002,1,14.6,14.3,31.9,23.1
DZA,Algeria,2002,999,15.1,14.6,35.2,24.9
DZA,Algeria,2006,0,13.4,5.7,22.5,14.1
DZA,Algeria,2006,1,12.4,6.1,18.7,12.4
DZA,Algeria,2006,999,12.9,5.8,20.6,13.2
DZA,Algeria,2012,0,12.9,6.1,17.2,11.65
DZA,Algeria,2012,1,12,4.8,14.2,9.5
DZA,Algeria,2012,999,12.4,5.5,15.8,10.65
DZA,Algeria,2019,0,13.4,4.5,15.7,10.1
DZA,Algeria,2019,1,12.1,3.4,10.7,7.05
DZA,Algeria,2019,999,12.8,4,13.2,8.6
ECU,Ecuador,1999,0,3,2.6,37.7,20.15
ECU,Ecuador,1999,1,2,3.6,31,17.3
ECU,Ecuador,1999,999,2.6,3.1,34.8,18.95
ECU,Ecuador,2004,0,5.6,2.7,40.2,21.45
ECU,Ecuador,2004,1,4.9,2.7,34.9,18.8
ECU,Ecuador,2004,999,5.3,2.7,37.7,20.2
ECU,Ecuador,2006,0,5.4,2.9,35.3,19.1
ECU,Ecuador,2006,1,5,2.3,29,15.65
ECU,Ecuador,2006,999,5.2,2.6,32.3,17.45
ECU,Ecuador,2012,0,7.9,3.8,33.6,18.7
ECU,Ecuador,2012,1,7.1,2.4,30.2,16.3
ECU,Ecuador,2012,999,7.5,3.1,32,17.55
ECU,Ecuador,2014,0,8.4,2.4,33.4,17.9
ECU,Ecuador,2014,1,7.6,1.9,26.8,14.35
ECU,Ecuador,2014,999,8,2.2,30.2,16.2
ECU,Ecuador,2019,0,11.7,6.2,33.1,19.65
ECU,Ecuador,2019,1,11.7,4,28.2,16.1
ECU,Ecuador,2019,999,11.7,5.1,30.7,17.9
EGY,Egypt,1991,0,15.9,8.3,53.3,30.8
EGY,Egypt,1991,1,13.8,5.3,50.6,27.95
EGY,Egypt,1991,999,14.9,6.8,52,29.4
EGY,Egypt,1992,0,14.9,5.9,44.8,25.35
EGY,Egypt,1992,1,13.7,5.8,43.4,24.6
EGY,Egypt,1992,999,14.3,5.8,44.2,25
EGY,Egypt,1995,0,14.7,8.5,55.3,31.9
EGY,Egypt,1995,1,14.5,7.4,49.6,28.5
EGY,Egypt,1995,999,14.6,8,52.5,30.25
EGY,Egypt,2003,0,8.9,7.1,31.7,19.4
EGY,Egypt,2003,1,9.4,7.1,24.9,16
EGY,Egypt,2003,999,9.2,7,28.4,17.7
EGY,Egypt,2005,0,14.4,8.2,36.7,22.45
EGY,Egypt,2005,1,13.8,7.4,31.7,19.55
EGY,Egypt,2005,999,14.1,7.8,34.2,21
EGY,Egypt,2008,0,19.7,12.7,51.2,31.95
EGY,Egypt,2008,1,21.2,10.7,42.2,26.45
EGY,Egypt,2008,999,20.4,11.7,46.8,29.25
EGY,Egypt,2014,0,16.3,14.2,35.3,24.75
EGY,Egypt,2014,1,15,14.2,30.7,22.45
EGY,Egypt,2014,999,15.7,14.3,33.1,23.7
ERI,Eritrea,2002,0,1.8,23.1,66.1,44.6
ERI,Eritrea,2002,1,1.4,16.3,59.5,37.9
ERI,Eritrea,2002,999,1.6,19.8,62.9,41.35
ERI,Eritrea,2010,0,2,20.4,81.7,51.05
ERI,Eritrea,2010,1,2.3,16.8,78.1,47.45
ERI,Eritrea,2010,999,2.1,18.6,79.8,49.2
EST,Estonia,2014,0,5.7,1.7,0.9,1.3
EST,Estonia,2014,1,4.1,1.4,2.4,1.9
EST,Estonia,2014,999,5,1.5,1.6,1.55
ETH,Ethiopia,2000,0,2,18.2,93.1,55.65
ETH,Ethiopia,2000,1,2,14.1,85.3,49.7
ETH,Ethiopia,2000,999,2,16.2,89.2,52.7
ETH,Ethiopia,2005,0,5.8,19.1,80.6,49.85
ETH,Ethiopia,2005,1,4.4,15,75.6,45.3
ETH,Ethiopia,2005,999,5.1,17.1,78.1,47.6
ETH,Ethiopia,2011,0,1.6,14.9,68.4,41.65
ETH,Ethiopia,2011,1,2.1,10.3,62.3,36.3
ETH,Ethiopia,2011,999,1.8,12.7,65.4,39.05
ETH,Ethiopia,2014,0,2.3,13.3,59.9,36.6
ETH,Ethiopia,2014,1,3.4,9.8,58.7,34.25
ETH,Ethiopia,2014,999,2.9,11.5,59.3,35.4
ETH,Ethiopia,2016,0,3.1,13.2,60.3,36.75
ETH,Ethiopia,2016,1,2.8,12.8,51,31.9
ETH,Ethiopia,2016,999,2.9,13,55.8,34.4
ETH,Ethiopia,2019,0,2,10.5,54.9,32.7
ETH,Ethiopia,2019,1,2.2,6.3,42.7,24.5
ETH,Ethiopia,2019,999,2.1,8.4,48.8,28.6
FJI,Fiji,2004,0,5.4,6.1,11.3,8.7
FJI,Fiji,2004,1,4.8,11,9.9,10.45
FJI,Fiji,2004,999,5.1,8.3,10.7,9.5
GAB,Gabon,2000,0,6,6.1,39,22.55
GAB,Gabon,2000,1,5.1,5.3,30.4,17.85
GAB,Gabon,2000,999,5.5,5.7,34.7,20.2
GAB,Gabon,2012,0,9.2,5.2,25.7,15.45
GAB,Gabon,2012,1,6.2,4.3,20.1,12.2
GAB,Gabon,2012,999,7.7,4.7,23,13.85
GEO,Georgia,2005,0,21.1,4.1,24,14.05
GEO,Georgia,2005,1,20.5,4.1,20.3,12.2
GEO,Georgia,2005,999,20.8,4.1,22.3,13.2
GEO,Georgia,2009,0,21.3,2,19.2,10.6
GEO,Georgia,2009,1,18.1,1.2,14,7.6
GEO,Georgia,2009,999,19.8,1.6,16.8,9.2
GEO,Georgia,2018,0,7.2,0.7,6.4,3.55
GEO,Georgia,2018,1,4.8,0.7,7.8,4.25
GEO,Georgia,2018,999,6,0.7,7.1,3.9
GHA,Ghana,1997,0,2.3,11.5,54.4,32.95
GHA,Ghana,1997,1,1.6,9.3,46.5,27.9
GHA,Ghana,1997,999,2,10.4,50.4,30.4
GHA,Ghana,1998,0,2.9,14.4,47.6,31
GHA,Ghana,1998,1,2.5,10.4,39.2,24.8
GHA,Ghana,1998,999,2.7,12.4,43.3,27.85
GHA,Ghana,2003,0,5.3,11.4,54.8,33.1
GHA,Ghana,2003,1,3.6,10.9,44.3,27.6
GHA,Ghana,2003,999,4.5,11.2,49.6,30.4
GHA,Ghana,2006,0,2.6,8.6,40.3,24.45
GHA,Ghana,2006,1,2.6,6.7,35.1,20.9
GHA,Ghana,2006,999,2.6,7.8,37.8,22.8
GHA,Ghana,2008,0,5.4,11.9,41.8,26.85
GHA,Ghana,2008,1,5.9,10.3,35.8,23.05
GHA,Ghana,2008,999,5.7,11.1,38.9,25
GHA,Ghana,2011,0,2.7,9.1,33.6,21.35
GHA,Ghana,2011,1,2.5,6.1,25.6,15.85
GHA,Ghana,2011,999,2.6,7.6,29.6,18.6
GHA,Ghana,2014,0,3.6,5.1,25.9,15.5
GHA,Ghana,2014,1,1.6,5.7,21.5,13.6
GHA,Ghana,2014,999,2.6,5.4,23.8,14.6
GHA,Ghana,2017,0,1.5,9.1,25.2,17.15
GHA,Ghana,2017,1,1.3,6.9,19.5,13.2
GHA,Ghana,2017,999,1.4,7.9,22.3,15.1
GIN,Guinea,1999,0,4.5,14.9,46.7,30.8
GIN,Guinea,1999,1,4.2,12.4,40.9,26.65
GIN,Guinea,1999,999,4.4,13.7,43.9,28.8
GIN,Guinea,2005,0,5.2,16.5,62.7,39.6
GIN,Guinea,2005,1,5.1,13.7,53.9,33.8
GIN,Guinea,2005,999,5.2,15.2,58.3,36.75
GIN,Guinea,2007,0,6.6,9.8,50.8,30.3
GIN,Guinea,2007,1,6.2,9.5,44.3,26.9
GIN,Guinea,2007,999,6.4,9.6,47.7,28.65
GIN,Guinea,2012,0,3.95,10.95,49.05,30
GIN,Guinea,2012,1,2.8,9.25,42.95,26.1
GIN,Guinea,2012,999,3.4,10.15,46,28.075
GIN,Guinea,2016,0,4.6,11.9,50.2,31.05
GIN,Guinea,2016,1,3.4,10.1,43.7,26.9
GIN,Guinea,2016,999,4,11,47,29
GIN,Guinea,2018,0,5.7,13,48.8,30.9
GIN,Guinea,2018,1,5.6,12.6,38.5,25.55
GIN,Guinea,2018,999,5.6,12.8,43.7,28.25
GMB,Gambia,2000,0,2.9,12.5,36.4,24.45
GMB,Gambia,2000,1,3,10.8,28.5,19.65
GMB,Gambia,2000,999,3,11.6,32.5,22.05
GMB,Gambia,2006,0,2.9,10.3,40.4,25.35
GMB,Gambia,2006,1,2.5,8,36,22
GMB,Gambia,2006,999,2.7,9.2,38.3,23.75
GMB,Gambia,2010,0,2.4,12.4,33,22.7
GMB,Gambia,2010,1,1.5,10.9,27.5,19.2
GMB,Gambia,2010,999,1.9,11.6,30.3,20.95
GMB,Gambia,2012,0,0.7,12.8,29.3,21.05
GMB,Gambia,2012,1,1.6,9.3,22.4,15.85
GMB,Gambia,2012,999,1.1,11.1,25.9,18.5
GMB,Gambia,2013,0,3.1,16.8,35.6,26.2
GMB,Gambia,2013,1,3.3,13.9,30.7,22.3
GMB,Gambia,2013,999,3.2,15.3,33.3,24.3
GMB,Gambia,2018,0,2.1,8,23.7,15.85
GMB,Gambia,2018,1,1.65,6.55,17.95,12.25
GMB,Gambia,2018,999,1.85,7.25,20.9,14.075
GMB,Gambia,2020,0,2,6.3,22.4,14.35
GMB,Gambia,2020,1,2.3,4.9,19.6,12.25
GMB,Gambia,2020,999,2.1,5.7,21,13.35
GNB,Guinea-Bissau,2000,0,5.3,17.4,52.2,34.8
GNB,Guinea-Bissau,2000,1,4.8,15.8,44.3,30.05
GNB,Guinea-Bissau,2000,999,5,16.6,48.2,32.4
GNB,Guinea-Bissau,2010,0,3,6.7,46.1,26.4
GNB,Guinea-Bissau,2010,1,2.5,7.3,38.1,22.7
GNB,Guinea-Bissau,2010,999,2.8,6.9,42.2,24.55
GNB,Guinea-Bissau,2012,0,1.9,8.3,37.5,22.9
GNB,Guinea-Bissau,2012,1,1.8,5.9,30,17.95
GNB,Guinea-Bissau,2012,999,1.9,7.1,33.7,20.4
GNB,Guinea-Bissau,2014,0,2.7,7.9,37.5,22.7
GNB,Guinea-Bissau,2014,1,1.9,6.8,34.1,20.45
GNB,Guinea-Bissau,2014,999,2.3,7.4,35.8,21.6
GNB,Guinea-Bissau,2019,0,3.1,8.5,40.8,24.65
GNB,Guinea-Bissau,2019,1,1.65,6.9,32.9,19.9
GNB,Guinea-Bissau,2019,999,2.4,7.7,36.9,22.3
GNQ,Equatorial Guinea,1997,0,5.3,7.2,63.6,35.4
GNQ,Equatorial Guinea,1997,1,1.5,5.8,52.9,29.35
GNQ,Equatorial Guinea,1997,999,3.4,6.5,58.3,32.4
GNQ,Equatorial Guinea,2000,0,14.3,12.2,71.5,41.85
GNQ,Equatorial Guinea,2000,1,13.6,14.8,59.8,37.3
GNQ,Equatorial Guinea,2000,999,14,13.4,65.9,39.65
GNQ,Equatorial Guinea,2004,0,12,3.9,50.8,27.35
GNQ,Equatorial Guinea,2004,1,4,4.4,46.2,25.3
GNQ,Equatorial Guinea,2004,999,8.3,4.1,48.7,26.4
GNQ,Equatorial Guinea,2011,0,11.6,3.8,41.3,22.55
GNQ,Equatorial Guinea,2011,1,7.9,5.9,29.6,17.75
GNQ,Equatorial Guinea,2011,999,9.7,4.8,35.4,20.1
GRC,Greece,2003,0,13.2,0.8,1.2,1
GRC,Greece,2003,1,13.9,0.5,2.3,1.4
GRC,Greece,2003,999,13.6,0.6,1.8,1.2
GTM,Guatemala,1995,0,6.8,6.4,87.5,46.95
GTM,Guatemala,1995,1,5.6,4.1,81.4,42.75
GTM,Guatemala,1995,999,6.2,5.3,84.4,44.85
GTM,Guatemala,1999,0,7.6,5.3,84.2,44.75
GTM,Guatemala,1999,1,6.2,3.2,76.7,39.95
GTM,Guatemala,1999,999,6.9,4.3,80.5,42.4
GTM,Guatemala,2000,0,8.4,6.4,80,43.2
GTM,Guatemala,2000,1,6.2,4.2,77,40.6
GTM,Guatemala,2000,999,7.3,5.3,78.5,41.9
GTM,Guatemala,2002,0,6.1,3.2,83.7,43.45
GTM,Guatemala,2002,1,4.3,2.3,79.7,41
GTM,Guatemala,2002,999,5.2,2.7,81.8,42.25
GTM,Guatemala,2009,0,5.2,1.2,73.9,37.55
GTM,Guatemala,2009,1,4.5,1.2,73.1,37.15
GTM,Guatemala,2009,999,4.9,1.2,73.5,37.35
GTM,Guatemala,2015,0,5.1,1.2,65.6,33.4
GTM,Guatemala,2015,1,4.8,0.5,61.3,30.9
GTM,Guatemala,2015,999,4.9,0.9,63.5,32.2
GUY,Guyana,1993,0,2.4,9.3,19.5,14.4
GUY,Guyana,1993,1,1.7,5.8,20.4,13.1
GUY,Guyana,1993,999,2.1,7.6,19.9,13.75
GUY,Guyana,2000,0,5.4,18.8,20,19.4
GUY,Guyana,2000,1,5.6,13.8,17.1,15.45
GUY,Guyana,2000,999,5.5,16.4,18.7,17.55
GUY,Guyana,2006,0,6.4,10.2,26.6,18.4
GUY,Guyana,2006,1,7.3,11.8,24.6,18.2
GUY,Guyana,2006,999,6.8,10.9,25.6,18.25
GUY,Guyana,2009,0,4.9,8.9,26.5,17.7
GUY,Guyana,2009,1,8.5,4.7,24.3,14.5
GUY,Guyana,2009,999,6.7,6.7,25.4,16.05
GUY,Guyana,2014,0,5.7,8.4,15.7,12.05
GUY,Guyana,2014,1,4.8,7.9,12.9,10.4
GUY,Guyana,2014,999,5.3,8.1,14.4,11.25
HND,Honduras,1991,0,3.3,3.4,61.7,32.55
HND,Honduras,1991,1,2.6,2.3,59.1,30.7
HND,Honduras,1991,999,3,2.9,60.4,31.65
HND,Honduras,2001,0,3.3,1.4,50.6,26
HND,Honduras,2001,1,2.7,1.5,45.4,23.45
HND,Honduras,2001,999,3,1.5,48.1,24.8
HND,Honduras,2006,0,6.3,2,41.9,21.95
HND,Honduras,2006,1,5.2,1.4,36.8,19.1
HND,Honduras,2006,999,5.8,1.7,39.4,20.55
HND,Honduras,2012,0,5.5,2.2,31,16.6
HND,Honduras,2012,1,4.8,1.1,26.1,13.6
HND,Honduras,2012,999,5.2,1.7,28.6,15.15
HTI,Haiti,1994,0,3.8,14.8,56.9,35.85
HTI,Haiti,1994,1,4.8,9.8,54.8,32.3
HTI,Haiti,1994,999,4.3,12.3,55.9,34.1
HTI,Haiti,2000,0,3.8,7.8,42.7,25.25
HTI,Haiti,2000,1,2.3,6.4,34.7,20.55
HTI,Haiti,2000,999,3.1,7,38.7,22.85
HTI,Haiti,2006,0,4.4,13.2,45.5,29.35
HTI,Haiti,2006,1,3.5,13.8,34.7,24.25
HTI,Haiti,2006,999,3.9,13.5,40,26.75
HTI,Haiti,2012,0,4.1,6.6,31.9,19.25
HTI,Haiti,2012,1,3.1,6.1,28,17.05
HTI,Haiti,2012,999,3.6,6.4,29.9,18.15
HTI,Haiti,2017,0,4,5.3,33,19.15
HTI,Haiti,2017,1,2.8,3.8,26.3,15.05
HTI,Haiti,2017,999,3.4,4.5,29.6,17.05
IDN,Indonesia,2000,0,1.7,7.5,61,34.25
IDN,Indonesia,2000,1,1.3,5.3,55.2,30.25
IDN,Indonesia,2000,999,1.5,6.4,58.2,32.3
IDN,Indonesia,2001,0,1.7,7.2,59.6,33.4
IDN,Indonesia,2001,1,1.3,5.2,53.5,29.35
IDN,Indonesia,2001,999,1.5,6.2,56.6,31.4
IDN,Indonesia,2004,0,5.5,20.5,43.1,31.8
IDN,Indonesia,2004,1,4.8,18.4,38.1,28.25
IDN,Indonesia,2004,999,5.1,19.5,40.6,30.05
IDN,Indonesia,2007,0,11.3,23.1,63.6,43.35
IDN,Indonesia,2007,1,11.2,19.9,58.5,39.2
IDN,Indonesia,2007,999,11.2,21.6,61.1,41.35
IDN,Indonesia,2010,0,11.7,18.2,61.2,39.7
IDN,Indonesia,2010,1,13,17.2,56.6,36.9
IDN,Indonesia,2010,999,12.3,17.7,58.9,38.3
IDN,Indonesia,2013,0,11.8,21.4,54.7,38.05
IDN,Indonesia,2013,1,11.3,18.9,51.3,35.1
IDN,Indonesia,2013,999,11.5,20.2,53.1,36.65
IDN,Indonesia,2018,0,8.4,15,43.8,29.4
IDN,Indonesia,2018,1,7.7,12.3,40.5,26.4
IDN,Indonesia,2018,999,8,13.7,42.3,28
IND,India,2006,0,2.1,28,71.8,49.9
IND,India,2006,1,1.7,25.5,71.2,48.35
IND,India,2006,999,1.9,26.8,71.5,49.15
IND,India,2015,0,2.4,29.9,55.1,42.5
IND,India,2015,1,2.4,26.9,53.1,40
IND,India,2015,999,2.4,28.5,54.1,41.3
IND,India,2017,0,1.6,23.4,48.8,36.1
IND,India,2017,1,1.5,21.1,46.9,34
IND,India,2017,999,1.6,22.2,47.9,35.05
IRQ,Iraq,2000,0,5.7,9.6,38.4,24
IRQ,Iraq,2000,1,5.4,8.5,36.4,22.45
IRQ,Iraq,2000,999,5.5,9,37.4,23.2
IRQ,Iraq,2006,0,15.6,9.2,42.1,25.65
IRQ,Iraq,2006,1,14.3,7.9,37,22.45
IRQ,Iraq,2006,999,15,8.5,39.7,24.1
IRQ,Iraq,2011,0,11.8,9.4,32.6,21
IRQ,Iraq,2011,1,10.8,9,29.8,19.4
IRQ,Iraq,2011,999,11.4,9.2,31.3,20.25
IRQ,Iraq,2018,0,6.3,4.4,16.4,10.4
IRQ,Iraq,2018,1,5.7,3.5,17.2,10.35
IRQ,Iraq,2018,999,6.1,3.9,16.7,10.3
JAM,Jamaica,1989,0,5,4,21.1,12.55
JAM,Jamaica,1989,1,2.4,3.6,10.4,7
JAM,Jamaica,1989,999,3.7,3.8,15.7,9.75
JAM,Jamaica,1991,0,2.2,8.9,21.9,15.4
JAM,Jamaica,1991,1,2.3,4.4,8.7,6.55
JAM,Jamaica,1991,999,2.3,6.7,15.3,11
JAM,Jamaica,1992,0,3.4,2.8,20.7,11.75
JAM,Jamaica,1992,1,2.7,3.2,16.3,9.75
JAM,Jamaica,1992,999,3.1,3,18.6,10.8
JAM,Jamaica,1994,0,5.95,5.4,20.45,12.925
JAM,Jamaica,1994,1,4.9,5.45,13.4,9.425
JAM,Jamaica,1994,999,5.4,5.45,16.85,11.15
JAM,Jamaica,1995,0,7.6,4.3,16.1,10.2
JAM,Jamaica,1995,1,4.1,7,10.2,8.6
JAM,Jamaica,1995,999,5.9,5.6,13.2,9.4
JAM,Jamaica,1996,0,3.4,2.6,17.4,10
JAM,Jamaica,1996,1,4.1,2.8,11.8,7.3
JAM,Jamaica,1996,999,3.8,2.6,14.6,8.6
JAM,Jamaica,1997,0,6.5,3.5,14.1,8.8
JAM,Jamaica,1997,1,4.7,1.5,10,5.75
JAM,Jamaica,1997,999,5.5,2.5,12,7.25
JAM,Jamaica,1998,0,3.9,5.6,16.4,11
JAM,Jamaica,1998,1,4.7,1.8,6.8,4.3
JAM,Jamaica,1998,999,4.3,3.5,11.3,7.4
JAM,Jamaica,1999,0,7.1,3.5,8.5,6
JAM,Jamaica,1999,1,5.5,3,5.1,4.05
JAM,Jamaica,1999,999,6.3,3.3,6.8,5.05
JAM,Jamaica,2000,0,9.4,4.3,13.3,8.8
JAM,Jamaica,2000,1,4.8,4.8,4.3,4.55
JAM,Jamaica,2000,999,7.3,4.5,9.2,6.85
JAM,Jamaica,2001,0,7.2,3.9,13.3,8.6
JAM,Jamaica,2001,1,4.2,4.5,5.2,4.85
JAM,Jamaica,2001,999,5.8,4.2,9.5,6.85
JAM,Jamaica,2002,0,8.6,3.2,13.1,8.15
JAM,Jamaica,2002,1,8.3,2.8,9.5,6.15
JAM,Jamaica,2002,999,8.5,3.1,11.3,7.2
JAM,Jamaica,2004,0,7.7,5.6,7.7,6.65
JAM,Jamaica,2004,1,7.2,5.6,5.1,5.35
JAM,Jamaica,2004,999,7.5,5.6,6.4,6
JAM,Jamaica,2006,0,9,5,8.6,6.8
JAM,Jamaica,2006,1,3.2,4.1,11.6,7.85
JAM,Jamaica,2006,999,6.1,4.6,10,7.3
JAM,Jamaica,2007,0,7.9,5,8.1,6.55
JAM,Jamaica,2007,1,9.7,2.6,8.2,5.4
JAM,Jamaica,2007,999,8.7,3.9,8.1,6
JAM,Jamaica,2008,0,7.9,2.6,11.7,7.15
JAM,Jamaica,2008,1,7.6,2.9,6.6,4.75
JAM,Jamaica,2008,999,7.8,2.8,9.1,5.95
JAM,Jamaica,2010,0,3.3,7.4,10,8.7
JAM,Jamaica,2010,1,4.8,5.3,6.2,5.75
JAM,Jamaica,2010,999,4.1,6.3,8.2,7.25
JAM,Jamaica,2012,0,5.8,3.6,9,6.3
JAM,Jamaica,2012,1,10,3.8,8.8,6.3
JAM,Jamaica,2012,999,7.8,3.8,8.9,6.35
JAM,Jamaica,2014,0,7.7,4.1,9.7,6.9
JAM,Jamaica,2014,1,9,4.2,5.7,4.95
JAM,Jamaica,2014,999,8.3,4.1,7.8,5.95
JAM,Jamaica,2016,0,7,4.8,11.5,8.15
JAM,Jamaica,2016,1,6.6,2.7,12.3,7.5
JAM,Jamaica,2016,999,6.8,3.8,11.9,7.85
JOR,Jordan,1990,0,9.5,6.8,27.9,17.35
JOR,Jordan,1990,1,7.5,4.3,23.7,14
JOR,Jordan,1990,999,8.5,5.5,25.9,15.7
JOR,Jordan,1997,0,4.9,2.7,15,8.85
JOR,Jordan,1997,1,3.7,3.1,12.3,7.7
JOR,Jordan,1997,999,4.3,3,13.7,8.35
JOR,Jordan,2002,0,4.7,3.9,13.9,8.9
JOR,Jordan,2002,1,4.3,2.7,14.2,8.45
JOR,Jordan,2002,999,4.5,3.3,14.1,8.7
JOR,Jordan,2009,0,7.9,1.9,9.9,5.9
JOR,Jordan,2009,1,5.2,1.7,10.1,5.9
JOR,Jordan,2009,999,6.6,1.8,10,5.9
JOR,Jordan,2012,0,5.6,2.9,11,6.95
JOR,Jordan,2012,1,3.8,3.2,7.6,5.4
JOR,Jordan,2012,999,4.7,3.1,9.4,6.25
JPN,Japan,2010,0,1.9,3.2,8.6,5.9
JPN,Japan,2010,1,1.1,1.9,7.4,4.65
JPN,Japan,2010,999,1.5,2.5,8,5.25
KAZ,Kazakhstan,1999,0,6.8,6,16.4,11.2
KAZ,Kazakhstan,1999,1,3.2,1.3,17.6,9.45
KAZ,Kazakhstan,1999,999,4.9,3.5,17,10.25
KAZ,Kazakhstan,2006,0,17.5,7.4,25.4,16.4
KAZ,Kazakhstan,2006,1,16.2,7,23,15
KAZ,Kazakhstan,2006,999,16.9,7.2,24.3,15.75
KAZ,Kazakhstan,2010,0,14.8,6.3,18.7,12.5
KAZ,Kazakhstan,2010,1,11.8,5.1,18.3,11.7
KAZ,Kazakhstan,2010,999,13.3,5.8,18.5,12.15
KAZ,Kazakhstan,2015,0,8.7,4,10,7
KAZ,Kazakhstan,2015,1,10,4.3,10.9,7.6
KAZ,Kazakhstan,2015,999,9.3,4.2,10.4,7.3
KEN,Kenya,1993,0,5.8,10.7,63.6,37.15
KEN,Kenya,1993,1,5.9,8.8,51.4,30.1
KEN,Kenya,1993,999,5.8,9.7,57.5,33.6
KEN,Kenya,1994,0,4.8,10.6,63.3,36.95
KEN,Kenya,1994,1,5.5,7.7,55.1,31.4
KEN,Kenya,1994,999,5.1,9.2,59.3,34.25
KEN,Kenya,2000,0,7.8,11.9,65.7,38.8
KEN,Kenya,2000,1,8.5,8.7,53.9,31.3
KEN,Kenya,2000,999,8.1,10.3,59.9,35.1
KEN,Kenya,2003,0,6,10.2,56.7,33.45
KEN,Kenya,2003,1,5.6,7,44.8,25.9
KEN,Kenya,2003,999,5.8,8.6,50.7,29.65
KEN,Kenya,2005,0,7.3,10.5,66.5,38.5
KEN,Kenya,2005,1,8.6,8.2,52.4,30.3
KEN,Kenya,2005,999,7.9,9.3,59.4,34.35
KEN,Kenya,2008,0,4.7,10.5,53.7,32.1
KEN,Kenya,2008,1,5.3,7.7,46.1,26.9
KEN,Kenya,2008,999,5,9,50.1,29.55
KEN,Kenya,2014,0,4.7,5.6,39.9,22.75
KEN,Kenya,2014,1,3.5,4.8,28.8,16.8
KEN,Kenya,2014,999,4.1,5.2,34.5,19.85
KGZ,Kyrgyzstan,2006,0,12.7,5.1,25,15.05
KGZ,Kyrgyzstan,2006,1,8.6,3.7,23,13.35
KGZ,Kyrgyzstan,2006,999,10.7,4.4,24,14.2
KGZ,Kyrgyzstan,2009,999,4.4,1.6,27.6,14.6
KGZ,Kyrgyzstan,2012,0,9.5,4.5,26.7,15.6
KGZ,Kyrgyzstan,2012,1,8.1,3.7,20.8,12.25
KGZ,Kyrgyzstan,2012,999,8.9,4.1,23.9,14
KGZ,Kyrgyzstan,2014,0,7.8,3.6,17.2,10.4
KGZ,Kyrgyzstan,2014,1,6.1,3.8,15.4,9.6
KGZ,Kyrgyzstan,2014,999,7,3.6,16.3,9.95
KGZ,Kyrgyzstan,2018,0,6.8,2.7,16.5,9.6
KGZ,Kyrgyzstan,2018,1,7.1,2.8,13.5,8.15
KGZ,Kyrgyzstan,2018,999,6.9,2.7,15.1,8.9
KHM,Cambodia,1996,0,5.2,21.4,97.8,59.6
KHM,Cambodia,1996,1,7.7,14.5,86.3,50.4
KHM,Cambodia,1996,999,6.5,17.9,92,54.95
KHM,Cambodia,2000,0,4.1,26,74.2,50.1
KHM,Cambodia,2000,1,3.9,23.2,74.1,48.65
KHM,Cambodia,2000,999,4,24.6,74.2,49.4
KHM,Cambodia,2005,0,2.1,10.6,65.2,37.9
KHM,Cambodia,2005,1,1.2,9.9,54.6,32.25
KHM,Cambodia,2005,999,1.6,10.3,59.8,35.05
KHM,Cambodia,2008,0,1.9,12,58.2,35.1
KHM,Cambodia,2008,1,2.1,9.9,51.4,30.65
KHM,Cambodia,2008,999,2,11,54.8,32.9
KHM,Cambodia,2010,0,1.8,13.8,55.3,34.55
KHM,Cambodia,2010,1,1.9,13.7,51.6,32.65
KHM,Cambodia,2010,999,1.9,13.7,53.4,33.55
KHM,Cambodia,2014,0,2.6,12.7,42.6,27.65
KHM,Cambodia,2014,1,1.8,11.7,40.5,26.1
KHM,Cambodia,2014,999,2.2,12.2,41.5,26.85
KIR,Kiribati,2018,0,3.3,5.1,21.1,13.1
KIR,Kiribati,2018,1,0.9,4.6,17.6,11.1
KIR,Kiribati,2018,999,2.1,4.8,19.3,12.05
KOR,Republic of Korea,2003,0,8.1,1,2.7,1.85
KOR,Republic of Korea,2003,1,4.2,1.3,2.7,2
KOR,Republic of Korea,2003,999,6.2,1.1,2.7,1.9
KWT,Kuwait,2001,0,11.1,3,5.9,4.45
KWT,Kuwait,2001,1,11,2,4.5,3.25
KWT,Kuwait,2001,999,11,2.6,5.3,3.95
KWT,Kuwait,2002,0,6.8,2.6,5.6,4.1
KWT,Kuwait,2002,1,6.4,2.7,3.5,3.1
KWT,Kuwait,2002,999,6.6,2.7,4.6,3.65
KWT,Kuwait,2003,0,7.6,3.2,5.7,4.45
KWT,Kuwait,2003,1,6,3.2,4.4,3.8
KWT,Kuwait,2003,999,6.8,3.3,5,4.15
KWT,Kuwait,2004,0,7.9,4.9,5.8,5.35
KWT,Kuwait,2004,1,6.3,4,5.1,4.55
KWT,Kuwait,2004,999,7.1,4.5,5.4,4.95
KWT,Kuwait,2005,0,7.9,4.2,6.7,5.45
KWT,Kuwait,2005,1,7.1,4.4,4.7,4.55
KWT,Kuwait,2005,999,7.5,4.3,5.8,5.05
KWT,Kuwait,2006,0,8.9,3.1,5.8,4.45
KWT,Kuwait,2006,1,8.4,3.9,5.9,4.9
KWT,Kuwait,2006,999,8.7,3.4,5.9,4.65
KWT,Kuwait,2007,0,7.8,4.3,8.1,6.2
KWT,Kuwait,2007,1,9.2,4.3,6.2,5.25
KWT,Kuwait,2007,999,8.5,4.4,7.2,5.8
KWT,Kuwait,2008,0,9.1,3.2,7.3,5.25
KWT,Kuwait,2008,1,9.5,2.4,6.5,4.45
KWT,Kuwait,2008,999,9.3,2.7,6.9,4.8
KWT,Kuwait,2009,0,10,1.8,5.6,3.7
KWT,Kuwait,2009,1,8,2.5,4.6,3.55
KWT,Kuwait,2009,999,9,2.1,5.1,3.6
KWT,Kuwait,2010,0,7.7,3.4,5.9,4.65
KWT,Kuwait,2010,1,7.9,2.5,4.8,3.65
KWT,Kuwait,2010,999,7.8,3,5.4,4.2
KWT,Kuwait,2011,0,8.6,2.5,5.8,4.15
KWT,Kuwait,2011,1,8,1.8,4.9,3.35
KWT,Kuwait,2011,999,8.3,2.1,5.3,3.7
KWT,Kuwait,2012,0,10.2,3,5.1,4.05
KWT,Kuwait,2012,1,8.9,3,5.5,4.25
KWT,Kuwait,2012,999,9.5,3,5.4,4.2
KWT,Kuwait,2013,0,8,3.7,6.6,5.15
KWT,Kuwait,2013,1,7.6,3.1,6,4.55
KWT,Kuwait,2013,999,7.8,3.4,6.2,4.8
KWT,Kuwait,2014,0,8.9,3.5,9.7,6.6
KWT,Kuwait,2014,1,8.6,2.5,6.1,4.3
KWT,Kuwait,2014,999,8.7,3,7.8,5.4
LAO,Lao People's Democratic Republic,2000,0,2.4,26.9,74.8,50.85
LAO,Lao People's Democratic Republic,2000,1,2.9,23.1,68.6,45.85
LAO,Lao People's Democratic Republic,2000,999,2.7,25,71.6,48.3
LAO,Lao People's Democratic Republic,2006,0,1.5,9.9,70.2,40.05
LAO,Lao People's Democratic Republic,2006,1,1,8.2,66.5,37.35
LAO,Lao People's Democratic Republic,2006,999,1.3,9.1,68.5,38.8
LAO,Lao People's Democratic Republic,2011,0,2,7.7,65.6,36.65
LAO,Lao People's Democratic Republic,2011,1,2.1,6.9,60.2,33.55
LAO,Lao People's Democratic Republic,2011,999,2,7.3,63,35.15
LAO,Lao People's Democratic Republic,2015,0,2.7,13.5,52.3,32.9
LAO,Lao People's Democratic Republic,2015,1,2.3,10.5,45.7,28.1
LAO,Lao People's Democratic Republic,2015,999,2.5,12.1,49.1,30.6
LAO,Lao People's Democratic Republic,2017,0,3.9,12.6,47.5,30.05
LAO,Lao People's Democratic Republic,2017,1,3.1,11.4,43.9,27.65
LAO,Lao People's Democratic Republic,2017,999,3.5,12,45.8,28.9
LBN,Lebanon,1996,0,21.5,6,23.3,14.65
LBN,Lebanon,1996,1,20.2,4.4,22,13.2
LBN,Lebanon,1996,999,20.8,5.2,22.7,13.95
LBN,Lebanon,2004,0,15.3,11.1,24.9,18
LBN,Lebanon,2004,1,18,8,27.7,17.85
LBN,Lebanon,2004,999,16.7,9.5,26.3,17.9
LBR,Liberia,2000,0,4.6,11.8,76.4,44.1
LBR,Liberia,2000,1,4.6,7.2,60,33.6
LBR,Liberia,2000,999,4.6,9.6,68.4,39
LBR,Liberia,2007,0,4.8,10.9,64.8,37.85
LBR,Liberia,2007,1,3.5,10.9,55.3,33.1
LBR,Liberia,2007,999,4.2,10.9,60.2,35.55
LBR,Liberia,2010,0,2.7,4.5,58.9,31.7
LBR,Liberia,2010,1,2.7,5.5,49,27.25
LBR,Liberia,2010,999,2.7,5,54.1,29.55
LBR,Liberia,2013,0,3.1,8.2,49.2,28.7
LBR,Liberia,2013,1,3.3,6.9,40.1,23.5
LBR,Liberia,2013,999,3.2,7.6,45,26.3
LBR,Liberia,2016,0,3.5,6.1,42.1,24.1
LBR,Liberia,2016,1,1.9,3.9,36.1,20
LBR,Liberia,2016,999,2.7,5,39,22
LBR,Liberia,2019,0,4.5,4.2,43.5,23.85
LBR,Liberia,2019,1,4.2,3.6,36.5,20.05
LBR,Liberia,2019,999,4.4,3.9,39.9,21.9
LBY,Libya,1995,0,13.9,5.5,31.5,18.5
LBY,Libya,1995,1,12.9,4.7,27,15.85
LBY,Libya,1995,999,13.4,5.1,29.2,17.15
LBY,Libya,2007,0,23.2,10.1,32.8,21.45
LBY,Libya,2007,1,21.6,8.6,30,19.3
LBY,Libya,2007,999,22.4,9.4,31.5,20.45
LBY,Libya,2014,0,30.1,15.8,67.2,41.5
LBY,Libya,2014,1,29.1,15.2,65.1,40.15
LBY,Libya,2014,999,29.6,15.5,66.2,40.85
LCA,Saint Lucia,2012,0,8.9,5.1,4.9,5
LCA,Saint Lucia,2012,1,3.8,3.7,1,2.35
LCA,Saint Lucia,2012,999,6.3,4.4,3,3.7
LKA,Sri Lanka,1993,0,0.2,19.6,36.7,28.15
LKA,Sri Lanka,1993,1,0.6,15.8,36,25.9
LKA,Sri Lanka,1993,999,0.4,17.7,36.3,27
LKA,Sri Lanka,2000,0,1,18.9,20.9,19.9
LKA,Sri Lanka,2000,1,1.4,17.1,23.1,20.1
LKA,Sri Lanka,2000,999,1.2,18.1,21.9,20
LKA,Sri Lanka,2007,0,1.9,19.8,23.8,21.8
LKA,Sri Lanka,2007,1,1.6,16.5,20.7,18.6
LKA,Sri Lanka,2007,999,1.7,18.3,22.3,20.3
LKA,Sri Lanka,2009,0,0.7,14,25,19.5
LKA,Sri Lanka,2009,1,1,13.5,22.7,18.1
LKA,Sri Lanka,2009,999,0.8,13.7,23.8,18.75
LKA,Sri Lanka,2012,0,0.7,25.6,17,21.3
LKA,Sri Lanka,2012,1,0.4,23.1,16.4,19.75
LKA,Sri Lanka,2012,999,0.6,24.3,16.7,20.5
LKA,Sri Lanka,2016,0,2.2,18.6,22.6,20.6
LKA,Sri Lanka,2016,1,1.8,17.6,20.3,18.95
LKA,Sri Lanka,2016,999,2,18.2,21.5,19.85
LSO,Lesotho,2004,0,7,8.1,69.1,38.6
LSO,Lesotho,2004,1,6.3,7.5,59.3,33.4
LSO,Lesotho,2004,999,6.7,7.8,64.3,36.05
LSO,Lesotho,2009,0,7.7,6,62.3,34.15
LSO,Lesotho,2009,1,7,4.7,46.9,25.8
LSO,Lesotho,2009,999,7.3,5.3,54.5,29.9
LSO,Lesotho,2014,0,8.1,3.2,53.3,28.25
LSO,Lesotho,2014,1,6.9,3.8,36.9,20.35
LSO,Lesotho,2014,999,7.5,3.4,44.8,24.1
LSO,Lesotho,2018,0,7.3,3.2,50.4,26.8
LSO,Lesotho,2018,1,5.8,2.5,41.7,22.1
LSO,Lesotho,2018,999,6.6,2.9,46,24.45
MAR,Morocco,1987,0,5.9,5.3,43.3,24.3
MAR,Morocco,1987,1,5.4,5.5,39.7,22.6
MAR,Morocco,1987,999,5.6,5.4,41.5,23.45
MAR,Morocco,1992,0,11,4.2,43.2,23.7
MAR,Morocco,1992,1,10.6,3.2,40,21.6
MAR,Morocco,1992,999,10.8,3.7,41.6,22.65
MAR,Morocco,1997,0,15.4,7.3,45.1,26.2
MAR,Morocco,1997,1,11.9,6.3,37.3,21.8
MAR,Morocco,1997,999,13.7,6.7,41.2,23.95
MAR,Morocco,2003,0,14.4,16.6,34.9,25.75
MAR,Morocco,2003,1,12.4,15,30.8,22.9
MAR,Morocco,2003,999,13.4,15.8,32.9,24.35
MAR,Morocco,2011,0,12.6,3.9,20.6,12.25
MAR,Morocco,2011,1,8.9,2.7,18.1,10.4
MAR,Morocco,2011,999,10.8,3.3,19.3,11.3
MAR,Morocco,2017,0,12.4,3.3,23,13.15
MAR,Morocco,2017,1,9.3,4.1,16.3,10.2
MAR,Morocco,2017,999,10.9,3.7,19.8,11.75
MDA,Republic of Moldova,2005,0,8.8,8.8,13.1,10.95
MDA,Republic of Moldova,2005,1,8.9,7.6,13.9,10.75
MDA,Republic of Moldova,2005,999,8.9,8.2,13.6,10.9
MDA,Republic of Moldova,2012,0,6,2.6,7.1,4.85
MDA,Republic of Moldova,2012,1,3.7,2.2,8.6,5.4
MDA,Republic of Moldova,2012,999,4.9,2.4,7.8,5.1
MDG,Madagascar,1992,0,1.8,8.8,99.5,54.15
MDG,Madagascar,1992,1,1.5,6.5,84.3,45.4
MDG,Madagascar,1992,999,1.6,7.6,92,49.8
MDG,Madagascar,2004,0,6.4,25.6,84.8,55.2
MDG,Madagascar,2004,1,6.1,16.1,78.5,47.3
MDG,Madagascar,2004,999,6.2,20.7,81.6,51.15
MDG,Madagascar,2012,0,1,10.5,72.8,41.65
MDG,Madagascar,2012,1,1.1,6.3,64,35.15
MDG,Madagascar,2012,999,1.1,8.4,68.4,38.4
MDG,Madagascar,2018,0,1.6,8.6,60.8,34.7
MDG,Madagascar,2018,1,1.2,6.1,51.3,28.7
MDG,Madagascar,2018,999,1.4,7.4,56.1,31.75
MDV,Maldives,1994,0,1.3,21.1,50.5,35.8
MDV,Maldives,1994,1,1,18.1,46.6,32.35
MDV,Maldives,1994,999,1.2,19.6,48.6,34.1
MDV,Maldives,2001,0,3.6,18.2,48.8,33.5
MDV,Maldives,2001,1,4.2,15.2,43.4,29.3
MDV,Maldives,2001,999,3.9,16.9,46.4,31.65
MDV,Maldives,2009,0,6.4,13.5,28.3,20.9
MDV,Maldives,2009,1,6,13.2,22.4,17.8
MDV,Maldives,2009,999,6.2,13.3,25.4,19.35
MDV,Maldives,2017,0,6.7,12.3,20.8,16.55
MDV,Maldives,2017,1,3,9.9,17.6,13.75
MDV,Maldives,2017,999,4.9,11.1,19.3,15.2
MEX,Mexico,1988,0,6.4,8.1,38.5,23.3
MEX,Mexico,1988,1,5.5,8.3,38,23.15
MEX,Mexico,1988,999,6,8.2,38.3,23.25
MEX,Mexico,1998,0,7.6,3.7,30.9,17.3
MEX,Mexico,1998,1,7.4,1.7,26.3,14
MEX,Mexico,1998,999,7.5,2.7,28.6,15.65
MEX,Mexico,2006,0,8.3,3.1,21.1,12.1
MEX,Mexico,2006,1,6.6,1.8,18.6,10.2
MEX,Mexico,2006,999,7.5,2.4,19.9,11.15
MEX,Mexico,2012,0,9,2.3,18,10.15
MEX,Mexico,2012,1,9,1.8,14.9,8.35
MEX,Mexico,2012,999,9,2,16.4,9.2
MEX,Mexico,2015,0,5,2.1,15.4,8.75
MEX,Mexico,2015,1,5.3,0.8,14.8,7.8
MEX,Mexico,2015,999,5.2,1.4,15.1,8.25
MEX,Mexico,2016,0,5.3,3,12.9,7.95
MEX,Mexico,2016,1,5.3,1.6,10.2,5.9
MEX,Mexico,2016,999,5.3,2.3,11.6,6.95
MEX,Mexico,2019,0,6.4,2.4,16.8,9.6
MEX,Mexico,2019,1,6.2,1.2,17.3,9.25
MEX,Mexico,2019,999,6.3,1.8,17,9.4
MHL,Marshall Islands,2017,0,4.9,5.5,49.6,27.55
MHL,Marshall Islands,2017,1,3.2,3.8,39.3,21.55
MHL,Marshall Islands,2017,999,4.1,4.6,44.6,24.6
MKD,North Macedonia,1999,0,10.2,2.1,13.6,7.85
MKD,North Macedonia,1999,1,8.8,1.9,7.4,4.65
MKD,North Macedonia,1999,999,9.6,2.1,10.6,6.35
MKD,North Macedonia,2005,0,16.6,3.1,17.8,10.45
MKD,North Macedonia,2005,1,15.8,6.5,12.8,9.65
MKD,North Macedonia,2005,999,16.2,4.7,15.4,10.05
MKD,North Macedonia,2011,0,13.4,2.5,8,5.25
MKD,North Macedonia,2011,1,11.4,1.5,6,3.75
MKD,North Macedonia,2011,999,12.4,2,6.9,4.45
MKD,North Macedonia,2019,0,13.1,4,5.6,4.8
MKD,North Macedonia,2019,1,9,3.8,4.6,4.2
MKD,North Macedonia,2019,999,11.2,3.9,5.2,4.55
MLI,Mali,2001,0,3.2,18.5,68.7,43.6
MLI,Mali,2001,1,2.9,15.1,63.2,39.15
MLI,Mali,2001,999,3.1,16.8,65.9,41.35
MLI,Mali,2006,0,4.8,22.8,60.9,41.85
MLI,Mali,2006,1,4.5,20.3,53.3,36.8
MLI,Mali,2006,999,4.6,21.5,57.1,39.3
MLI,Mali,2010,0,1.2,12,40.7,26.35
MLI,Mali,2010,1,0.8,9.4,33.8,21.6
MLI,Mali,2010,999,1,10.8,37.3,24.05
MLI,Mali,2011,0,0.9,15.2,41,28.1
MLI,Mali,2011,1,0.6,9.7,33.3,21.5
MLI,Mali,2011,999,0.8,12.5,37.2,24.85
MLI,Mali,2014,0,1.6,17.2,41.8,29.5
MLI,Mali,2014,1,0.9,15,33.3,24.15
MLI,Mali,2014,999,1.2,16.1,37.7,26.9
MLI,Mali,2015,0,1.1,17.5,44.35,30.925
MLI,Mali,2015,1,1.25,14.7,37.35,26.025
MLI,Mali,2015,999,1.15,16.15,40.95,28.55
MLI,Mali,2016,0,0.7,13.7,37.6,25.65
MLI,Mali,2016,1,0.4,12,31.3,21.65
MLI,Mali,2016,999,0.5,12.8,34.5,23.65
MLI,Mali,2017,0,1.8,14.9,36.7,25.8
MLI,Mali,2017,1,1.4,11,27.5,19.25
MLI,Mali,2017,999,1.6,13,32.3,22.65
MLI,Mali,2018,0,1.6,13.85,37,25.425
MLI,Mali,2018,1,1.5,9.55,31.15,20.35
MLI,Mali,2018,999,1.55,11.75,34.15,22.95
MLI,Mali,2019,0,0.7,13.2,38.9,26.05
MLI,Mali,2019,1,0.6,9.5,30.9,20.2
MLI,Mali,2019,999,0.7,11.3,35,23.15
MMR,Myanmar,2000,0,2.2,14.8,59.6,37.2
MMR,Myanmar,2000,1,2.6,12.4,54.8,33.6
MMR,Myanmar,2000,999,2.4,13.6,57.2,35.4
MMR,Myanmar,2003,0,6.9,17.1,63.3,40.2
MMR,Myanmar,2003,1,6.8,13.5,61.6,37.55
MMR,Myanmar,2003,999,6.9,15.4,62.4,38.9
MMR,Myanmar,2009,0,2.7,11.1,49.9,30.5
MMR,Myanmar,2009,1,2.6,9,45.5,27.25
MMR,Myanmar,2009,999,2.6,10,47.8,28.9
MMR,Myanmar,2016,0,1.9,8.5,40,24.25
MMR,Myanmar,2016,1,1.1,7.3,35.3,21.3
MMR,Myanmar,2016,999,1.5,7.9,37.8,22.85
MMR,Myanmar,2018,0,1.1,8.2,34.4,21.3
MMR,Myanmar,2018,1,0.5,6.8,34,20.4
MMR,Myanmar,2018,999,0.8,7.5,34.1,20.8
MNE,Montenegro,2005,0,18.6,7,12.3,9.65
MNE,Montenegro,2005,1,12.8,5.7,11.3,8.5
MNE,Montenegro,2005,999,15.7,6.4,11.7,9.05
MNE,Montenegro,2013,0,24.7,4.9,16.3,10.6
MNE,Montenegro,2013,1,19.6,3,13.6,8.3
MNE,Montenegro,2013,999,22.3,4,15,9.5
MNE,Montenegro,2018,0,6.7,3.2,8.9,6.05
MNE,Montenegro,2018,1,8,2,12.5,7.25
MNE,Montenegro,2018,999,7.3,2.7,10.5,6.6
MNG,Mongolia,1999,0,8.3,6.4,45.5,25.95
MNG,Mongolia,1999,1,5.7,6,37.2,21.6
MNG,Mongolia,1999,999,7,6.2,41.3,23.75
MNG,Mongolia,2000,0,13.2,10.5,44.7,27.6
MNG,Mongolia,2000,1,12.2,9.8,38.6,24.2
MNG,Mongolia,2000,999,12.7,10.1,41.8,25.95
MNG,Mongolia,2004,0,6.2,0.6,35.4,18
MNG,Mongolia,2004,1,6,0.9,25.3,13.1
MNG,Mongolia,2004,999,6.1,0.7,30.7,15.7
MNG,Mongolia,2005,0,15.6,3.9,39.5,21.7
MNG,Mongolia,2005,1,12.6,3.8,35,19.4
MNG,Mongolia,2005,999,14.2,3.8,37.4,20.6
MNG,Mongolia,2010,0,10.05,2.35,22.35,12.35
MNG,Mongolia,2010,1,7.45,2.25,18,10.125
MNG,Mongolia,2010,999,8.8,2.3,20.2,11.25
MNG,Mongolia,2013,0,10.9,1.6,13.3,7.45
MNG,Mongolia,2013,1,10,1.2,12.6,6.9
MNG,Mongolia,2013,999,10.5,1.4,12.9,7.15
MNG,Mongolia,2016,0,13.1,1.1,11.6,6.35
MNG,Mongolia,2016,1,10.4,1.9,6.3,4.1
MNG,Mongolia,2016,999,11.7,1.6,8.9,5.25
MNG,Mongolia,2018,0,11.2,1.3,13.6,7.45
MNG,Mongolia,2018,1,9.8,1.1,9.7,5.4
MNG,Mongolia,2018,999,10.5,1.2,11.7,6.45
MOZ,Mozambique,2001,0,9.4,12.6,86.2,49.4
MOZ,Mozambique,2001,1,8.4,10.8,72.4,41.6
MOZ,Mozambique,2001,999,8.8,11.7,79.1,45.4
MOZ,Mozambique,2003,0,7.3,8,75.3,41.65
MOZ,Mozambique,2003,1,5.4,7.1,65.5,36.3
MOZ,Mozambique,2003,999,6.3,7.5,70.3,38.9
MOZ,Mozambique,2008,0,4,6.2,66.8,36.5
MOZ,Mozambique,2008,1,3.2,4.8,55.4,30.1
MOZ,Mozambique,2008,999,3.6,5.5,61,33.25
MOZ,Mozambique,2011,0,8.1,9.5,67.2,38.35
MOZ,Mozambique,2011,1,7.6,7.5,59.3,33.4
MOZ,Mozambique,2011,999,7.8,8.5,63.2,35.85
MOZ,Mozambique,2015,0,7.6,5.9,69.1,37.5
MOZ,Mozambique,2015,1,6.4,6.3,54.9,30.6
MOZ,Mozambique,2015,999,7,6.1,61.8,33.95
MRT,Mauritania,2000,0,3.9,25.9,59.3,42.6
MRT,Mauritania,2000,1,3.7,19,57.8,38.4
MRT,Mauritania,2000,999,3.8,22.5,58.6,40.55
MRT,Mauritania,2007,0,2.5,18.2,47.9,33.05
MRT,Mauritania,2007,1,2.2,16.7,42.6,29.65
MRT,Mauritania,2007,999,2.3,17.4,45.4,31.4
MRT,Mauritania,2008,0,1.3,10.7,34.1,22.4
MRT,Mauritania,2008,1,0.6,7.6,25.7,16.65
MRT,Mauritania,2008,999,1,9.2,30.1,19.65
MRT,Mauritania,2011,0,2.9,19.6,43.9,31.75
MRT,Mauritania,2011,1,3.5,16.2,40.7,28.45
MRT,Mauritania,2011,999,3.2,17.9,42.3,30.1
MRT,Mauritania,2012,0,1.1,15.5,32.9,24.2
MRT,Mauritania,2012,1,1.2,11.5,25.1,18.3
MRT,Mauritania,2012,999,1.2,13.6,29.1,21.35
MRT,Mauritania,2015,0,1.2,20.2,41.3,30.75
MRT,Mauritania,2015,1,1.4,16.4,37.4,26.9
MRT,Mauritania,2015,999,1.3,18.3,39.3,28.8
MRT,Mauritania,2018,0,1.4,15.9,32.9,24.4
MRT,Mauritania,2018,1,1.6,11.7,25.9,18.8
MRT,Mauritania,2018,999,1.5,13.8,29.4,21.6
MWI,Malawi,1992,0,10.1,10,89.6,49.8
MWI,Malawi,1992,1,9.4,7.3,78.4,42.85
MWI,Malawi,1992,999,9.8,8.7,83.9,46.3
MWI,Malawi,1998,0,16.4,13.6,107.3,60.45
MWI,Malawi,1998,1,18.1,12.1,96.9,54.5
MWI,Malawi,1998,999,17.3,12.8,101.9,57.35
MWI,Malawi,2000,0,9.8,9.6,89.4,49.5
MWI,Malawi,2000,1,7.9,9.8,80.2,45
MWI,Malawi,2000,999,8.8,9.7,84.8,47.25
MWI,Malawi,2002,0,11.1,9.8,96.8,53.3
MWI,Malawi,2002,1,9,7.9,85.8,46.85
MWI,Malawi,2002,999,10,8.8,91.1,49.95
MWI,Malawi,2004,0,10.4,10.5,85.4,47.95
MWI,Malawi,2004,1,9.9,8.5,74,41.25
MWI,Malawi,2004,999,10.2,9.5,79.6,44.55
MWI,Malawi,2006,0,11.9,6.6,84.7,45.65
MWI,Malawi,2006,1,10.7,4.9,75.1,40
MWI,Malawi,2006,999,11.3,5.7,79.9,42.8
MWI,Malawi,2009,999,4.9,2.1,66.7,34.4
MWI,Malawi,2010,0,10.1,6.1,74.8,40.45
MWI,Malawi,2010,1,8,5.1,60.3,32.7
MWI,Malawi,2010,999,9,5.5,67.4,36.45
MWI,Malawi,2014,0,5.6,5.5,64.4,34.95
MWI,Malawi,2014,1,4.5,4.2,52.9,28.55
MWI,Malawi,2014,999,5.1,4.9,58.7,31.8
MWI,Malawi,2015,0,5.9,4.4,51.5,27.95
MWI,Malawi,2015,1,3.3,2.5,45.6,24.05
MWI,Malawi,2015,999,4.6,3.4,48.5,25.95
MWI,Malawi,2016,0,3.233333333,4.266666667,55.03333333,29.65
MWI,Malawi,2016,1,1.466666667,4.633333333,47.86666667,26.25
MWI,Malawi,2016,999,2.333333333,4.433333333,51.33333333,27.88333333
MWI,Malawi,2017,0,2.4,2.6,56.3,29.45
MWI,Malawi,2017,1,0.9,2.5,43.9,23.2
MWI,Malawi,2017,999,1.6,2.6,50,26.3
MWI,Malawi,2018,0,2.7,1.8,53.9,27.85
MWI,Malawi,2018,1,2.4,0.9,47.1,24
MWI,Malawi,2018,999,2.5,1.4,50.5,25.95
MWI,Malawi,2019,0,4.1,0.5,57.7,29.1
MWI,Malawi,2019,1,3.6,1,46.5,23.75
MWI,Malawi,2019,999,3.8,0.7,52,26.35
MYS,Malaysia,2006,0,6.2,20.4,24,22.2
MYS,Malaysia,2006,1,5.5,15.3,23.5,19.4
MYS,Malaysia,2006,999,5.8,17.9,23.7,20.8
MYS,Malaysia,2015,0,7.7,12.5,22.5,17.5
MYS,Malaysia,2015,1,6.5,9.2,23.2,16.2
MYS,Malaysia,2015,999,7.1,10.8,22.9,16.85
MYS,Malaysia,2019,0,5.8,16.9,27.5,22.2
MYS,Malaysia,2019,1,4.6,9.5,29,19.25
MYS,Malaysia,2019,999,5.2,13.3,28.2,20.75
NAM,Namibia,1992,0,5.2,14,54.9,34.45
NAM,Namibia,1992,1,3.9,11.6,43.4,27.5
NAM,Namibia,1992,999,4.5,12.8,49,30.9
NAM,Namibia,2000,0,3.7,14.9,42.2,28.55
NAM,Namibia,2000,1,2.9,11.2,37.7,24.45
NAM,Namibia,2000,999,3.3,13,39.9,26.45
NAM,Namibia,2007,0,4.9,9,43.7,26.35
NAM,Namibia,2007,1,4.4,10.1,34.9,22.5
NAM,Namibia,2007,999,4.7,9.6,39.3,24.45
NAM,Namibia,2013,0,3.8,13,33.8,23.4
NAM,Namibia,2013,1,4.2,6.9,27.5,17.2
NAM,Namibia,2013,999,4,9.9,30.6,20.25
NER,Niger,1992,0,2.1,26.5,72.1,49.3
NER,Niger,1992,1,1.9,24.3,65.9,45.1
NER,Niger,1992,999,2,25.5,69.1,47.3
NER,Niger,2000,0,1.9,24.8,86.9,55.85
NER,Niger,2000,1,1.4,19.6,78.2,48.9
NER,Niger,2000,999,1.7,22.3,82.7,52.5
NER,Niger,2006,0,2.25,17.9,85.9,51.9
NER,Niger,2006,1,2.05,13.55,79.6,46.575
NER,Niger,2006,999,2.2,15.75,82.9,49.325
NER,Niger,2007,0,0.4,17.4,73.8,45.6
NER,Niger,2007,1,0.3,13.5,68.2,40.85
NER,Niger,2007,999,0.3,15.5,71,43.25
NER,Niger,2008,0,0.2,19.3,64.1,41.7
NER,Niger,2008,1,0,14,58.1,36.05
NER,Niger,2008,999,0.1,16.9,61.3,39.1
NER,Niger,2009,0,0.2,16.4,68,42.2
NER,Niger,2009,1,0.2,13.1,60.8,36.95
NER,Niger,2009,999,0.2,14.8,64.4,39.6
NER,Niger,2010,0,0.15,22.3,71.3,46.8
NER,Niger,2010,1,0.1,16.25,64.3,40.275
NER,Niger,2010,999,0.1,19.3,67.9,43.6
NER,Niger,2011,0,0.1,17.1,76.1,46.6
NER,Niger,2011,1,0.2,12.5,66.2,39.35
NER,Niger,2011,999,0.1,14.8,71.1,42.95
NER,Niger,2012,0,2.2,22.25,64.3,43.275
NER,Niger,2012,1,1.65,18.7,56.3,37.5
NER,Niger,2012,999,1.95,20.5,60.35,40.425
NER,Niger,2013,0,0.6,17.1,62.6,39.85
NER,Niger,2013,1,0.3,12.8,55.8,34.3
NER,Niger,2013,999,0.4,14.9,59.2,37.05
NER,Niger,2014,0,0.6,19.6,64.7,42.15
NER,Niger,2014,1,0.5,14.1,55.8,34.95
NER,Niger,2014,999,0.5,16.9,60.2,38.55
NER,Niger,2015,0,0.6,19.7,71.4,45.55
NER,Niger,2015,1,0.5,14.3,63,38.65
NER,Niger,2015,999,0.6,17.1,67.3,42.2
NER,Niger,2016,0,1.2,15.3,61.9,38.6
NER,Niger,2016,1,1,9.8,55.3,32.55
NER,Niger,2016,999,1.1,12.5,58.6,35.55
NER,Niger,2018,0,1.3,20.8,75.1,47.95
NER,Niger,2018,1,0.8,13.4,66.1,39.75
NER,Niger,2018,999,1,17.1,70.6,43.85
NER,Niger,2019,0,1.2,13.4,73,43.2
NER,Niger,2019,1,1.5,10.9,62.2,36.55
NER,Niger,2019,999,1.4,12.2,67.7,39.95
NGA,Nigeria,1990,0,3.2,16.9,77.7,47.3
NGA,Nigeria,1990,1,3.3,15.2,72.4,43.8
NGA,Nigeria,1990,999,3.3,16.1,75,45.55
NGA,Nigeria,2003,0,6.7,17.2,70.9,44.05
NGA,Nigeria,2003,1,6,14.6,60.6,37.6
NGA,Nigeria,2003,999,6.3,15.9,65.7,40.8
NGA,Nigeria,2011,0,3.2,14.6,56.6,35.6
NGA,Nigeria,2011,1,2.7,12.2,53.7,32.95
NGA,Nigeria,2011,999,3,13.3,55.1,34.2
NGA,Nigeria,2014,0,1.8,10.8,50.2,30.5
NGA,Nigeria,2014,1,1.7,8.7,43.2,25.95
NGA,Nigeria,2014,999,1.8,9.7,46.7,28.2
NGA,Nigeria,2015,0,1.8,9.6,49.9,29.75
NGA,Nigeria,2015,1,1.3,8.5,41.4,24.95
NGA,Nigeria,2015,999,1.6,9.1,45.6,27.35
NGA,Nigeria,2016,0,1.7,15.2,70.3,42.75
NGA,Nigeria,2016,1,1.3,12.1,62.4,37.25
NGA,Nigeria,2016,999,1.5,13.7,66.4,40.05
NGA,Nigeria,2018,0,1.85,9.65,53.55,31.6
NGA,Nigeria,2018,1,1.35,7.1,44.95,26.025
NGA,Nigeria,2018,999,1.65,8.4,49.3,28.85
NGA,Nigeria,2020,0,1.5,9.5,50.5,30
NGA,Nigeria,2020,1,1.6,6.2,36.5,21.35
NGA,Nigeria,2020,999,1.6,7.9,43.5,25.7
NIC,Nicaragua,1993,0,5.6,4.6,43.8,24.2
NIC,Nicaragua,1993,1,5.4,2.3,38.1,20.2
NIC,Nicaragua,1993,999,5.5,3.4,41.1,22.25
NIC,Nicaragua,1998,0,7.4,5.6,46,25.8
NIC,Nicaragua,1998,1,6.5,4.1,39.5,21.8
NIC,Nicaragua,1998,999,6.9,4.9,42.7,23.8
NIC,Nicaragua,2001,0,8.3,3.8,36.4,20.1
NIC,Nicaragua,2001,1,6,2.5,31.5,17
NIC,Nicaragua,2001,999,7.2,3.2,34,18.6
NIC,Nicaragua,2004,0,6.7,0.4,27.7,14.05
NIC,Nicaragua,2004,1,3.7,0.3,20.4,10.35
NIC,Nicaragua,2004,999,5.2,0.3,24,12.15
NIC,Nicaragua,2007,0,6.7,2.1,32.1,17.1
NIC,Nicaragua,2007,1,5.6,1.8,28.5,15.15
NIC,Nicaragua,2007,999,6.2,2,30.3,16.15
NIC,Nicaragua,2012,0,8.6,3.1,23.6,13.35
NIC,Nicaragua,2012,1,7.9,2.6,20.5,11.55
NIC,Nicaragua,2012,999,8.3,2.9,22.1,12.5
NLD,Netherlands,1996,0,3,1.8,1.8,1.8
NLD,Netherlands,1996,1,2.4,1,1.3,1.15
NLD,Netherlands,1996,999,2.7,1.4,1.5,1.45
NLD,Netherlands,2009,0,3.6,1.4,2,1.7
NLD,Netherlands,2009,1,4,1,1.6,1.3
NLD,Netherlands,2009,999,3.8,1.1,1.8,1.45
NPL,Nepal,1998,0,0.5,10.5,92.3,51.4
NPL,Nepal,1998,1,0.4,8,86.3,47.15
NPL,Nepal,1998,999,0.4,9.3,89.4,49.35
NPL,Nepal,2001,0,0.6,16.1,82.5,49.3
NPL,Nepal,2001,1,0.7,12.3,83.3,47.8
NPL,Nepal,2001,999,0.7,14.1,82.9,48.5
NPL,Nepal,2006,0,0.6,16.1,68.7,42.4
NPL,Nepal,2006,1,0.6,14.6,70.3,42.45
NPL,Nepal,2006,999,0.6,15.4,69.4,42.4
NPL,Nepal,2011,0,1.5,16,57.6,36.8
NPL,Nepal,2011,1,1.6,12.2,54.8,33.5
NPL,Nepal,2011,999,1.5,14.1,56.3,35.2
NPL,Nepal,2014,0,2.2,15.3,51.4,33.35
NPL,Nepal,2014,1,2.1,13.6,54,33.8
NPL,Nepal,2014,999,2.1,14.5,52.6,33.55
NPL,Nepal,2016,0,1.15,12.7,52.9,32.8
NPL,Nepal,2016,1,0.95,12.6,48.5,30.55
NPL,Nepal,2016,999,1.05,12.65,50.9,31.775
NPL,Nepal,2019,0,2.8,16.8,45.4,31.1
NPL,Nepal,2019,1,2.3,12.9,41.1,27
NPL,Nepal,2019,999,2.6,14.9,43.3,29.1
NRU,Nauru,2007,0,4.6,2.7,31.4,17.05
NRU,Nauru,2007,1,1.3,0,32.8,16.4
NRU,Nauru,2007,999,2.8,1.2,32.1,16.65
OMN,Oman,1999,0,1.7,10,20.3,15.15
OMN,Oman,1999,1,1.5,8.1,17.7,12.9
OMN,Oman,1999,999,1.6,9.1,19,14.05
OMN,Oman,2009,0,1.5,9,13.3,11.15
OMN,Oman,2009,1,2,6.7,10.2,8.45
OMN,Oman,2009,999,1.7,7.9,11.6,9.75
OMN,Oman,2014,0,4.4,10.7,22,16.35
OMN,Oman,2014,1,4.4,9,16.1,12.55
OMN,Oman,2014,999,4.4,9.9,19,14.45
OMN,Oman,2017,0,4.1,10.7,16.1,13.4
OMN,Oman,2017,1,4.2,14.2,11.9,13.05
OMN,Oman,2017,999,4.2,12.4,14.1,13.25
PAK,Pakistan,1991,0,5.2,20,90.1,55.05
PAK,Pakistan,1991,1,5.6,14.5,84.4,49.45
PAK,Pakistan,1991,999,5.4,17.3,87.2,52.25
PAK,Pakistan,1992,0,1.3,21.8,64.2,43
PAK,Pakistan,1992,1,2,22.6,62.5,42.55
PAK,Pakistan,1992,999,1.6,22.2,63.4,42.8
PAK,Pakistan,2001,0,4.8,21.1,64.5,42.8
PAK,Pakistan,2001,1,4.7,18.5,61,39.75
PAK,Pakistan,2001,999,4.8,19.9,62.8,41.35
PAK,Pakistan,2011,0,6.7,22,67.5,44.75
PAK,Pakistan,2011,1,6.4,19.5,63.2,41.35
PAK,Pakistan,2011,999,6.6,20.7,65.4,43.05
PAK,Pakistan,2013,0,4.7,14.9,75.2,45.05
PAK,Pakistan,2013,1,4.8,12.7,63.5,38.1
PAK,Pakistan,2013,999,4.8,13.8,69.4,41.6
PAK,Pakistan,2018,0,2.3,10.3,56.8,33.55
PAK,Pakistan,2018,1,2.6,8.7,53.2,30.95
PAK,Pakistan,2018,999,2.5,9.5,55,32.25
PAN,Panama,1997,0,6.3,1.7,25.8,13.75
PAN,Panama,1997,1,6.4,1.6,21,11.3
PAN,Panama,1997,999,6.4,1.6,23.3,12.45
PAN,Panama,2003,0,11.1,1.9,37.6,19.75
PAN,Panama,2003,1,11,2.3,31.3,16.8
PAN,Panama,2003,999,11.1,2,34.5,18.25
PAN,Panama,2008,0,8.6,1.4,26.7,14.05
PAN,Panama,2008,1,10.8,1.8,25.6,13.7
PAN,Panama,2008,999,9.7,1.5,26.1,13.8
PER,Peru,1991,0,9.9,2.7,55.3,29
PER,Peru,1991,1,8.8,2.3,48.6,25.45
PER,Peru,1991,999,9.3,2.5,52,27.25
PER,Peru,1996,0,10.9,2.5,45.3,23.9
PER,Peru,1996,1,8.9,2.2,39.8,21
PER,Peru,1996,999,9.9,2.3,42.5,22.4
PER,Peru,2000,0,12.9,1.5,43.4,22.45
PER,Peru,2000,1,10.7,1.6,40.5,21.05
PER,Peru,2000,999,11.8,1.5,42,21.75
PER,Peru,2005,0,11,1.2,42.6,21.9
PER,Peru,2005,1,7.1,1.1,32.7,16.9
PER,Peru,2005,999,9.1,1.1,37.7,19.4
PER,Peru,2007,0,9.5,1.1,38,19.55
PER,Peru,2007,1,10.4,0.8,33.1,16.95
PER,Peru,2007,999,10,1,35.6,18.3
PER,Peru,2009,0,11.6,1,31.2,16.1
PER,Peru,2009,1,8.9,0.6,28.3,14.45
PER,Peru,2009,999,10.3,0.8,29.8,15.3
PER,Peru,2010,0,9.2,1.1,31.8,16.45
PER,Peru,2010,1,6.9,0.6,26.1,13.35
PER,Peru,2010,999,8,0.8,28.9,14.85
PER,Peru,2011,0,10.3,0.6,25.1,12.85
PER,Peru,2011,1,7.4,0.2,22.9,11.55
PER,Peru,2011,999,8.8,0.5,23.9,12.2
PER,Peru,2012,0,8.2,0.9,22.6,11.75
PER,Peru,2012,1,6.1,0.6,21,10.8
PER,Peru,2012,999,7.2,0.7,21.9,11.3
PER,Peru,2013,0,9.7,0.9,22.9,11.9
PER,Peru,2013,1,7.2,0.4,19.8,10.1
PER,Peru,2013,999,8.5,0.6,21.4,11
PER,Peru,2014,0,10,0.8,18.8,9.8
PER,Peru,2014,1,7.6,0.6,16,8.3
PER,Peru,2014,999,8.8,0.7,17.5,9.1
PER,Peru,2015,0,8.7,0.9,18.4,9.65
PER,Peru,2015,1,7.7,0.5,15.8,8.15
PER,Peru,2015,999,8.2,0.7,17.2,8.95
PER,Peru,2016,0,8.8,0.8,16.2,8.5
PER,Peru,2016,1,6.5,0.6,13.9,7.25
PER,Peru,2016,999,7.7,0.7,15.1,7.9
PER,Peru,2017,0,9,0.7,16.1,8.4
PER,Peru,2017,1,7.1,0.4,13.6,7
PER,Peru,2017,999,8,0.6,14.8,7.7
PER,Peru,2018,0,9.3,0.6,14.5,7.55
PER,Peru,2018,1,7.8,0.5,13.4,6.95
PER,Peru,2018,999,8.6,0.6,14,7.3
PER,Peru,2019,0,9.1,0.6,14.9,7.75
PER,Peru,2019,1,7.1,0.5,13.1,6.8
PER,Peru,2019,999,8.1,0.5,14,7.25
PHL,Philippines,2003,0,2.7,8.1,47.2,27.65
PHL,Philippines,2003,1,2.2,7.1,41.1,24.1
PHL,Philippines,2003,999,2.4,7.6,44.3,25.95
PHL,Philippines,2008,0,3.2,8.8,43.5,26.15
PHL,Philippines,2008,1,2.5,7.8,40.2,24
PHL,Philippines,2008,999,2.8,8.3,41.9,25.1
PHL,Philippines,2011,0,4.1,9.3,45.4,27.35
PHL,Philippines,2011,1,3.3,8.7,41.2,24.95
PHL,Philippines,2011,999,3.7,9,43.4,26.2
PHL,Philippines,2013,0,4.9,10.4,41.1,25.75
PHL,Philippines,2013,1,4,9.4,37.5,23.45
PHL,Philippines,2013,999,4.5,10,39.3,24.65
PHL,Philippines,2015,0,3.4,9.2,44.5,26.85
PHL,Philippines,2015,1,3.2,7.6,42.1,24.85
PHL,Philippines,2015,999,3.3,8.4,43.4,25.9
PNG,Papua New Guinea,2005,0,4.2,5.7,70.2,37.95
PNG,Papua New Guinea,2005,1,2.5,4.8,50.9,27.85
PNG,Papua New Guinea,2005,999,3.4,5.2,61.5,33.35
PNG,Papua New Guinea,2010,0,14.3,20.3,72.7,46.5
PNG,Papua New Guinea,2010,1,13.1,20.7,67.3,44
PNG,Papua New Guinea,2010,999,13.7,20.5,70.1,45.3
POL,Poland,2011,0,5.4,0.8,0.7,0.75
POL,Poland,2011,1,4.7,0.8,1.1,0.95
POL,Poland,2011,999,5,0.7,0.9,0.8
PRK,Democratic People's Republic of Korea,2002,0,0.7,12.9,67,39.95
PRK,Democratic People's Republic of Korea,2002,1,1.1,11.5,58.6,35.05
PRK,Democratic People's Republic of Korea,2002,999,0.9,12.2,63,37.6
PRK,Democratic People's Republic of Korea,2009,0,0,5.4,40.8,23.1
PRK,Democratic People's Republic of Korea,2009,1,0,5.9,40.8,23.35
PRK,Democratic People's Republic of Korea,2009,999,0,5.7,40.8,23.25
PRK,Democratic People's Republic of Korea,2017,0,2.3,3.5,23,13.25
PRK,Democratic People's Republic of Korea,2017,1,2.3,2.5,24.9,13.7
PRK,Democratic People's Republic of Korea,2017,999,2.3,3,23.9,13.45
PRT,Portugal,2016,0,4.7,0.8,3.1,1.95
PRT,Portugal,2016,1,9.8,0.7,3.8,2.25
PRT,Portugal,2016,999,7.1,0.7,3.3,2
PRY,Paraguay,1990,0,7.8,0.5,25.8,13.15
PRY,Paraguay,1990,1,4.7,1.1,20.6,10.85
PRY,Paraguay,1990,999,6.3,0.8,23.2,12
PRY,Paraguay,2012,0,10.9,2.9,14.7,8.8
PRY,Paraguay,2012,1,11.9,3.1,12.7,7.9
PRY,Paraguay,2012,999,11.3,3,13.8,8.4
PRY,Paraguay,2016,0,13,1.5,8.4,4.95
PRY,Paraguay,2016,1,11.9,1.1,5.2,3.15
PRY,Paraguay,2016,999,12.4,1.4,6.9,4.15
PSE,State of Palestine,1996,0,4.3,3.8,9.4,6.6
PSE,State of Palestine,1996,1,4.3,4.1,10.3,7.2
PSE,State of Palestine,1996,999,4.3,3.9,9.8,6.85
PSE,State of Palestine,2000,0,8.3,2.9,13.3,8.1
PSE,State of Palestine,2000,1,8.3,2.5,13.8,8.15
PSE,State of Palestine,2000,999,8.3,2.7,13.6,8.15
PSE,State of Palestine,2004,0,9.4,5,15,10
PSE,State of Palestine,2004,1,8.3,4.3,13.6,8.95
PSE,State of Palestine,2004,999,8.8,4.6,14.4,9.5
PSE,State of Palestine,2006,0,13.4,2.4,19.5,10.95
PSE,State of Palestine,2006,1,9.4,2.5,17.2,9.85
PSE,State of Palestine,2006,999,11.4,2.5,18.4,10.45
PSE,State of Palestine,2010,0,6,4.5,15.6,10.05
PSE,State of Palestine,2010,1,4.6,4.3,13,8.65
PSE,State of Palestine,2010,999,5.3,4.3,14.3,9.3
PSE,State of Palestine,2014,0,9.1,1.5,10,5.75
PSE,State of Palestine,2014,1,7.1,1.5,8.3,4.9
PSE,State of Palestine,2014,999,8.2,1.5,9.2,5.35
PSE,State of Palestine,2020,0,10.2,2,11,6.5
PSE,State of Palestine,2020,1,6.9,1.9,11.1,6.5
PSE,State of Palestine,2020,999,8.6,1.9,11.1,6.5
ROU,Romania,1999,0,10.2,4.8,24.3,14.55
ROU,Romania,1999,1,10,3.8,17.6,10.7
ROU,Romania,1999,999,10.1,4.4,21.1,12.75
ROU,Romania,2000,0,9.4,6,20.5,13.25
ROU,Romania,2000,1,8.5,4.9,15.1,10
ROU,Romania,2000,999,8.9,5.4,17.8,11.6
ROU,Romania,2001,0,9.1,5.3,22.2,13.75
ROU,Romania,2001,1,9,4.4,16,10.2
ROU,Romania,2001,999,9.1,4.9,19.2,12.05
ROU,Romania,2002,0,8.6,4.2,19.2,11.7
ROU,Romania,2002,1,8.1,4.2,14.6,9.4
ROU,Romania,2002,999,8.3,4.2,17,10.6
RWA,Rwanda,1992,0,4.3,8.4,89.4,48.9
RWA,Rwanda,1992,1,3.7,5.4,78.8,42.1
RWA,Rwanda,1992,999,4,6.8,84.1,45.45
RWA,Rwanda,2000,0,7.4,13.5,76.4,44.95
RWA,Rwanda,2000,1,6.9,11.5,66.1,38.8
RWA,Rwanda,2000,999,7.1,12.5,71.1,41.8
RWA,Rwanda,2005,0,7.2,6.7,79.5,43.1
RWA,Rwanda,2005,1,6.2,6.4,72.2,39.3
RWA,Rwanda,2005,999,6.7,6.6,75.8,41.2
RWA,Rwanda,2010,0,6.9,4.5,67.1,35.8
RWA,Rwanda,2010,1,7,3.1,55.8,29.45
RWA,Rwanda,2010,999,6.9,3.8,61.5,32.65
RWA,Rwanda,2012,0,6.3,3.6,63,33.3
RWA,Rwanda,2012,1,5.6,2.2,56.2,29.2
RWA,Rwanda,2012,999,6,2.9,59.5,31.2
RWA,Rwanda,2015,0,7.4,3.2,58.2,30.7
RWA,Rwanda,2015,1,6.15,2.15,44.3,23.225
RWA,Rwanda,2015,999,6.75,2.7,51.25,26.975
RWA,Rwanda,2018,0,3.1,2.7,50.1,26.4
RWA,Rwanda,2018,1,1.8,2,40,21
RWA,Rwanda,2018,999,2.4,2.3,45.1,23.7
RWA,Rwanda,2020,0,5.8,0.9,48,24.45
RWA,Rwanda,2020,1,5.4,1.7,36.7,19.2
RWA,Rwanda,2020,999,5.6,1.3,42.3,21.8
SAU,Saudi Arabia,2004,0,6.3,17.8,13.9,15.85
SAU,Saudi Arabia,2004,1,6,14.7,9.9,12.3
SAU,Saudi Arabia,2004,999,6.1,16.3,11.9,14.1
SDN,Sudan,2006,0,4.1,20.9,59.8,40.35
SDN,Sudan,2006,1,4.4,19.4,55.8,37.6
SDN,Sudan,2006,999,4.2,20.2,57.8,39
SDN,Sudan,2010,0,1.7,21.2,52.3,36.75
SDN,Sudan,2010,1,1.4,17.6,45,31.3
SDN,Sudan,2010,999,1.5,19.5,48.7,34.1
SDN,Sudan,2014,0,3.2,22,60.8,41.4
SDN,Sudan,2014,1,2.8,19.5,51.9,35.7
SDN,Sudan,2014,999,3,20.8,56.4,38.6
SEN,Senegal,1993,0,4.1,13.8,46.1,29.95
SEN,Senegal,1993,1,3.9,11.2,39.1,25.15
SEN,Senegal,1993,999,4,12.4,42.5,27.45
SEN,Senegal,2000,0,3,14.9,39.8,27.35
SEN,Senegal,2000,1,3.4,10.9,31.2,21.05
SEN,Senegal,2000,999,3.2,12.9,35.6,24.25
SEN,Senegal,2005,0,3.2,10.9,28.8,19.85
SEN,Senegal,2005,1,1.8,10.9,25.5,18.2
SEN,Senegal,2005,999,2.5,11,27.2,19.1
SEN,Senegal,2011,0,2.8,12,39.5,25.75
SEN,Senegal,2011,1,2.7,12.2,35.5,23.85
SEN,Senegal,2011,999,2.7,12.1,37.6,24.85
SEN,Senegal,2012,0,0.8,11.4,21.5,16.45
SEN,Senegal,2012,1,0.6,8.3,16.6,12.45
SEN,Senegal,2012,999,0.7,9.9,19.1,14.5
SEN,Senegal,2013,0,1.7,12,27.1,19.55
SEN,Senegal,2013,1,1.2,9.9,21.6,15.75
SEN,Senegal,2013,999,1.4,10.9,24.4,17.65
SEN,Senegal,2014,0,1.7,7,26.4,16.7
SEN,Senegal,2014,1,0.9,6.3,21.4,13.85
SEN,Senegal,2014,999,1.3,6.6,24,15.3
SEN,Senegal,2015,0,1.2,9.8,28.6,19.2
SEN,Senegal,2015,1,0.9,8.6,23.3,15.95
SEN,Senegal,2015,999,1,9.3,26,17.65
SEN,Senegal,2016,0,0.7,9.4,24.4,16.9
SEN,Senegal,2016,1,1.1,7.3,18.6,12.95
SEN,Senegal,2016,999,0.9,8.3,21.6,14.95
SEN,Senegal,2017,0,0.7,11.4,22.7,17.05
SEN,Senegal,2017,1,1.1,9.6,18.9,14.25
SEN,Senegal,2017,999,0.9,10.5,20.8,15.65
SEN,Senegal,2018,0,1.6,9.5,27.3,18.4
SEN,Senegal,2018,1,1.3,8.5,19.6,14.05
SEN,Senegal,2018,999,1.5,9,23.5,16.25
SEN,Senegal,2019,0,2.4,11.05,26.25,18.65
SEN,Senegal,2019,1,2.5,8.55,21.9,15.225
SEN,Senegal,2019,999,2.45,9.8,24.1,16.95
SLB,Solomon Islands,1989,0,2.3,11,46.7,28.85
SLB,Solomon Islands,1989,1,1.5,7.6,39.6,23.6
SLB,Solomon Islands,1989,999,1.9,9.4,43.3,26.35
SLB,Solomon Islands,2007,0,2.2,3.6,46.1,24.85
SLB,Solomon Islands,2007,1,2.8,7.9,36.4,22.15
SLB,Solomon Islands,2007,999,2.5,5.7,41.3,23.5
SLB,Solomon Islands,2015,0,4.6,12.1,45.8,28.95
SLB,Solomon Islands,2015,1,4.4,12,38.8,25.4
SLB,Solomon Islands,2015,999,4.5,12.1,42.4,27.25
SLE,Sierra Leone,2000,0,5.4,17.4,59.7,38.55
SLE,Sierra Leone,2000,1,4.2,13.6,46.7,30.15
SLE,Sierra Leone,2000,999,4.8,15.5,53.3,34.4
SLE,Sierra Leone,2005,0,6.3,16.2,74.8,45.5
SLE,Sierra Leone,2005,1,5.5,12.6,65.1,38.85
SLE,Sierra Leone,2005,999,5.9,14.4,69.9,42.15
SLE,Sierra Leone,2010,0,1.4,10.2,47.3,28.75
SLE,Sierra Leone,2010,1,1.5,8.1,37,22.55
SLE,Sierra Leone,2010,999,1.4,9.1,42.1,25.6
SLE,Sierra Leone,2014,0,2,6.6,42.7,24.65
SLE,Sierra Leone,2014,1,2.3,4.6,33.1,18.85
SLE,Sierra Leone,2014,999,2.1,5.6,37.9,21.75
SLE,Sierra Leone,2017,0,3.8,9.05,45.85,27.45
SLE,Sierra Leone,2017,1,2.45,6.1,35.9,21
SLE,Sierra Leone,2017,999,3.1,7.6,40.8,24.2
SLE,Sierra Leone,2019,0,5,6.7,44.2,25.45
SLE,Sierra Leone,2019,1,4.1,6.1,36.1,21.1
SLE,Sierra Leone,2019,999,4.5,6.5,40.2,23.35
SLV,El Salvador,1988,0,3.8,3,52.6,27.8
SLV,El Salvador,1988,1,2.2,2.2,45,23.6
SLV,El Salvador,1988,999,3,2.7,48.8,25.75
SLV,El Salvador,1993,0,3.5,2.3,44.1,23.2
SLV,El Salvador,1993,1,3.8,1.6,40,20.8
SLV,El Salvador,1993,999,3.7,2,42.1,22.05
SLV,El Salvador,1998,0,4.6,2.3,44,23.15
SLV,El Salvador,1998,1,3.2,1.6,39.9,20.75
SLV,El Salvador,1998,999,3.9,1.9,42.1,22
SLV,El Salvador,2003,0,6.6,1.7,32.1,16.9
SLV,El Salvador,2003,1,4.8,1.5,29.6,15.55
SLV,El Salvador,2003,999,5.8,1.6,30.9,16.25
SLV,El Salvador,2008,0,6.3,3.1,26.8,14.95
SLV,El Salvador,2008,1,5,0.9,24.6,12.75
SLV,El Salvador,2008,999,5.7,2.1,25.7,13.9
SLV,El Salvador,2014,0,6.2,3.1,18.6,10.85
SLV,El Salvador,2014,1,6.6,1.9,14.2,8.05
SLV,El Salvador,2014,999,6.4,2.5,16.3,9.4
SOM,Somalia,2006,0,4.9,19.1,68.4,43.75
SOM,Somalia,2006,1,4.6,16,64.1,40.05
SOM,Somalia,2006,999,4.7,17.7,66.3,42
SOM,Somalia,2009,0,2.8,20.5,39,29.75
SOM,Somalia,2009,1,3.1,16.6,31.1,23.85
SOM,Somalia,2009,999,3,18.6,35.2,26.9
SRB,Serbia,2005,0,20.4,6.7,12.1,9.4
SRB,Serbia,2005,1,18.2,5.9,11.4,8.65
SRB,Serbia,2005,999,19.3,6.3,11.8,9.05
SRB,Serbia,2010,0,16.6,3.4,8.6,6
SRB,Serbia,2010,1,14.7,5,10.9,7.95
SRB,Serbia,2010,999,15.6,4.3,9.8,7.05
SRB,Serbia,2014,0,15.6,5.2,9.2,7.2
SRB,Serbia,2014,1,12,4.8,7.2,6
SRB,Serbia,2014,999,13.9,5,8.3,6.65
SRB,Serbia,2019,0,12.7,3.9,10.4,7.15
SRB,Serbia,2019,1,8.9,2.3,3.6,2.95
SRB,Serbia,2019,999,10.9,3.1,7.3,5.2
SSD,South Sudan,2006,0,10.7,39.6,63.1,51.35
SSD,South Sudan,2006,1,11.2,35.3,52.8,44.05
SSD,South Sudan,2006,999,10.9,37.5,58.1,47.8
SSD,South Sudan,2010,0,6.1,37.4,52,44.7
SSD,South Sudan,2010,1,5.9,27.8,44.9,36.35
SSD,South Sudan,2010,999,6,32.6,48.5,40.55
STP,Sao Tome and Principe,2014,0,2.6,5.4,26.6,16
STP,Sao Tome and Principe,2014,1,2.2,4.1,17,10.55
STP,Sao Tome and Principe,2014,999,2.4,4.8,21.7,13.25
STP,Sao Tome and Principe,2019,0,5.6,7.6,16.6,12.1
STP,Sao Tome and Principe,2019,1,3.4,3.3,12.7,8
STP,Sao Tome and Principe,2019,999,4.5,5.5,14.6,10.05
SUR,Suriname,2000,0,3,9.3,21.8,15.55
SUR,Suriname,2000,1,2.7,8.5,14,11.25
SUR,Suriname,2000,999,2.9,9,18.1,13.55
SUR,Suriname,2006,0,4.6,6.1,13.5,9.8
SUR,Suriname,2006,1,3.4,5.8,12,8.9
SUR,Suriname,2006,999,4,5.9,12.7,9.3
SUR,Suriname,2010,0,5,6.6,12.5,9.55
SUR,Suriname,2010,1,3,5,9.4,7.2
SUR,Suriname,2010,999,4,5.8,11,8.4
SUR,Suriname,2018,0,3.3,7.7,12.7,10.2
SUR,Suriname,2018,1,3.8,5.4,8.2,6.8
SUR,Suriname,2018,999,3.5,6.5,10.4,8.45
SWZ,Eswatini,2000,0,15.9,2.2,55.7,28.95
SWZ,Eswatini,2000,1,13.9,2.7,47.3,25
SWZ,Eswatini,2000,999,14.9,2.4,51.6,27
SWZ,Eswatini,2006,0,11.5,4.6,45.1,24.85
SWZ,Eswatini,2006,1,10.7,3.6,34.6,19.1
SWZ,Eswatini,2006,999,11.1,4.1,39.8,21.95
SWZ,Eswatini,2010,0,10.1,0.6,45.7,23.15
SWZ,Eswatini,2010,1,11.2,1.6,36.5,19.05
SWZ,Eswatini,2010,999,10.7,1.2,40.9,21.05
SWZ,Eswatini,2014,0,9,2.8,38.1,20.45
SWZ,Eswatini,2014,1,8.9,1.9,27.4,14.65
SWZ,Eswatini,2014,999,9,2.4,32.8,17.6
SYC,Seychelles,2012,999,10.2,5.5,10.9,8.2
SYR,Syrian Arab Republic,1993,0,15.6,17.1,52.4,34.75
SYR,Syrian Arab Republic,1993,1,14.4,11.8,47.8,29.8
SYR,Syrian Arab Republic,1993,999,15,14.5,50.1,32.3
SYR,Syrian Arab Republic,2001,0,20.2,16.1,52.6,34.35
SYR,Syrian Arab Republic,2001,1,19.1,15,46.2,30.6
SYR,Syrian Arab Republic,2001,999,19.7,15.5,49.5,32.5
SYR,Syrian Arab Republic,2006,0,19.3,16.7,47.4,32.05
SYR,Syrian Arab Republic,2006,1,18.1,13.4,41.1,27.25
SYR,Syrian Arab Republic,2006,999,18.7,15.1,44.4,29.75
SYR,Syrian Arab Republic,2010,0,17.8,18.4,45.8,32.1
SYR,Syrian Arab Republic,2010,1,18.1,15.5,41,28.25
SYR,Syrian Arab Republic,2010,999,17.9,17,43.5,30.25
TCD,Chad,1997,0,3,24.8,72,48.4
TCD,Chad,1997,1,2.4,20.4,66.1,43.25
TCD,Chad,1997,999,2.7,22.6,69,45.8
TCD,Chad,2000,0,3.1,18,62.2,40.1
TCD,Chad,2000,1,2.4,18.1,55.9,37
TCD,Chad,2000,999,2.7,18.1,59,38.55
TCD,Chad,2004,0,4.2,24,72.4,48.2
TCD,Chad,2004,1,4.3,21.4,69.1,45.25
TCD,Chad,2004,999,4.2,22.7,70.8,46.75
TCD,Chad,2010,0,2.5,24.7,62.5,43.6
TCD,Chad,2010,1,3,20.6,56.7,38.65
TCD,Chad,2010,999,2.8,22.6,59.6,41.1
TCD,Chad,2015,0,2.8,20,63.7,41.85
TCD,Chad,2015,1,2.8,15.3,59.6,37.45
TCD,Chad,2015,999,2.8,17.7,61.7,39.7
TCD,Chad,2017,0,2.1,19.2,49.2,34.2
TCD,Chad,2017,1,2,14.9,39,26.95
TCD,Chad,2017,999,2,17.1,44.1,30.6
TCD,Chad,2019,0,2.2,18.6,54.45,36.525
TCD,Chad,2019,1,1.95,14.35,47.65,31
TCD,Chad,2019,999,2.05,16.5,51.15,33.825
TGO,Togo,2009,0,1,8.3,38.7,23.5
TGO,Togo,2009,1,1.2,5.9,32.7,19.3
TGO,Togo,2009,999,1.1,7.1,35.8,21.45
TGO,Togo,2010,0,1.3,6.75,40.4,23.575
TGO,Togo,2010,1,0.95,4.6,33.9,19.25
TGO,Togo,2010,999,1.15,5.65,37.2,21.425
TGO,Togo,2012,0,1.8,6.9,39,22.95
TGO,Togo,2012,1,1.5,5.6,29.7,17.65
TGO,Togo,2012,999,1.7,6.2,34.4,20.3
TGO,Togo,2014,0,1.8,9.2,38.7,23.95
TGO,Togo,2014,1,2.2,7,36.6,21.8
TGO,Togo,2014,999,2,8.1,37.7,22.9
TGO,Togo,2017,0,1.4,7.5,34.2,20.85
TGO,Togo,2017,1,1.6,6.2,26.6,16.4
TGO,Togo,2017,999,1.5,6.8,30.5,18.65
THA,Thailand,2006,0,8.8,6.1,20.2,13.15
THA,Thailand,2006,1,7.2,6,17.6,11.8
THA,Thailand,2006,999,8,6.1,19,12.55
THA,Thailand,2012,0,10.1,10.2,22,16.1
THA,Thailand,2012,1,11.6,7.8,22.6,15.2
THA,Thailand,2012,999,10.9,8.9,22.3,15.6
THA,Thailand,2016,0,8.8,6.8,14.6,10.7
THA,Thailand,2016,1,7.5,6.8,11.5,9.15
THA,Thailand,2016,999,8.2,6.8,13.1,9.95
THA,Thailand,2019,0,9.7,11,20.4,15.7
THA,Thailand,2019,1,8.7,9.8,14.7,12.25
THA,Thailand,2019,999,9.2,10.4,17.7,14.05
TJK,Tajikistan,2005,0,7.3,13,51.1,32.05
TJK,Tajikistan,2005,1,6.2,11.3,42.7,27
TJK,Tajikistan,2005,999,6.8,12.2,47,29.6
TJK,Tajikistan,2007,0,11,10.2,60.4,35.3
TJK,Tajikistan,2007,1,13.1,9.4,54.8,32.1
TJK,Tajikistan,2007,999,12,9.9,57.7,33.8
TJK,Tajikistan,2009,0,4.5,6.6,40.6,23.6
TJK,Tajikistan,2009,1,4,4.5,34.7,19.6
TJK,Tajikistan,2009,999,4.2,5.6,37.7,21.65
TJK,Tajikistan,2012,0,6.9,14.2,37.2,25.7
TJK,Tajikistan,2012,1,6.4,13.8,37.5,25.65
TJK,Tajikistan,2012,999,6.7,14,37.4,25.7
TJK,Tajikistan,2016,0,3.9,4.9,26.8,15.85
TJK,Tajikistan,2016,1,3.5,4.5,23.4,13.95
TJK,Tajikistan,2016,999,3.7,4.7,25.2,14.95
TJK,Tajikistan,2017,0,3.5,8.2,22.8,15.5
TJK,Tajikistan,2017,1,3.2,6.5,21.2,13.85
TJK,Tajikistan,2017,999,3.3,7.4,22,14.7
TKM,Turkmenistan,2006,0,3.8,9.5,27.6,18.55
TKM,Turkmenistan,2006,1,5.2,9.2,22.4,15.8
TKM,Turkmenistan,2006,999,4.5,9.3,25.1,17.2
TKM,Turkmenistan,2015,0,6,5.7,14.2,9.95
TKM,Turkmenistan,2015,1,5.7,4.9,14.1,9.5
TKM,Turkmenistan,2015,999,5.9,5.3,14.2,9.75
TKM,Turkmenistan,2019,0,3.7,6,9.9,7.95
TKM,Turkmenistan,2019,1,2.4,4.3,9.2,6.75
TKM,Turkmenistan,2019,999,3.1,5.2,9.6,7.4
TLS,Timor-Leste,2002,0,5,21.4,93.4,57.4
TLS,Timor-Leste,2002,1,6.5,15.6,81.7,48.65
TLS,Timor-Leste,2002,999,5.7,18.6,87.6,53.1
TLS,Timor-Leste,2007,0,1.7,30.8,78.8,54.8
TLS,Timor-Leste,2007,1,1.3,20.8,82.7,51.75
TLS,Timor-Leste,2007,999,1.5,25.8,80.8,53.3
TLS,Timor-Leste,2009,0,5.9,28.7,93.7,61.2
TLS,Timor-Leste,2009,1,5.7,24.2,87,55.6
TLS,Timor-Leste,2009,999,5.8,26.5,90.3,58.4
TLS,Timor-Leste,2013,0,1.5,14.7,79.9,47.3
TLS,Timor-Leste,2013,1,1.7,9.3,68.5,38.9
TLS,Timor-Leste,2013,999,1.6,12,74.5,43.25
TON,Tonga,2012,0,18.6,7.3,13.9,10.6
TON,Tonga,2012,1,16,7.4,11,9.2
TON,Tonga,2012,999,17.3,7.3,12.5,9.9
TON,Tonga,2019,0,12.2,1.9,3.8,2.85
TON,Tonga,2019,1,9.9,1,2.3,1.65
TON,Tonga,2019,999,11.2,1.5,3.2,2.35
TTO,Trinidad and Tobago,2000,0,3.8,6.6,10,8.3
TTO,Trinidad and Tobago,2000,1,6.2,5.7,5.3,5.5
TTO,Trinidad and Tobago,2000,999,5,6.1,7.7,6.9
TTO,Trinidad and Tobago,2011,0,13,7.7,18.7,13.2
TTO,Trinidad and Tobago,2011,1,9.8,9.3,9.7,9.5
TTO,Trinidad and Tobago,2011,999,11.4,8.5,14.1,11.3
TUN,Tunisia,2006,0,8.5,5,12.2,8.6
TUN,Tunisia,2006,1,9.2,4.3,10.3,7.3
TUN,Tunisia,2006,999,8.8,4.6,11.3,7.95
TUN,Tunisia,2012,0,14.8,5.7,15.6,10.65
TUN,Tunisia,2012,1,13.7,3,11.9,7.45
TUN,Tunisia,2012,999,14.3,4.5,13.8,9.15
TUN,Tunisia,2018,0,18,3,11.9,7.45
TUN,Tunisia,2018,1,16.5,3.1,12.6,7.85
TUN,Tunisia,2018,999,17.2,3,12.3,7.65
TUR,Turkey,1993,0,5.7,5.7,33.3,19.5
TUR,Turkey,1993,1,4.1,4.2,30.9,17.55
TUR,Turkey,1993,999,4.9,4.9,32.1,18.5
TUR,Turkey,1998,0,4.1,4.5,26.7,15.6
TUR,Turkey,1998,1,3.4,3,25.8,14.4
TUR,Turkey,1998,999,3.8,3.8,26.2,15
TUR,Turkey,2004,0,10.2,2.2,18.5,10.35
TUR,Turkey,2004,1,7.2,0.7,21.8,11.25
TUR,Turkey,2004,999,8.8,1.5,20,10.75
TUR,Turkey,2008,0,11,2,15.3,8.65
TUR,Turkey,2008,1,8.5,0.5,17.4,8.95
TUR,Turkey,2008,999,9.8,1.3,16.2,8.75
TUR,Turkey,2013,0,11.9,2.1,15,8.55
TUR,Turkey,2013,1,10.2,2.7,11.9,7.3
TUR,Turkey,2013,999,11.1,2.4,13.6,8
TUR,Turkey,2018,0,9.3,2.2,7.6,4.9
TUR,Turkey,2018,1,6.8,2.5,7.3,4.9
TUR,Turkey,2018,999,8.1,2.3,7.5,4.9
TUV,Tuvalu,2007,0,7.4,5,12.7,8.85
TUV,Tuvalu,2007,1,5.2,3.5,13.9,8.7
TUV,Tuvalu,2007,999,6.3,4.2,13.3,8.75
TZA,United Republic of Tanzania,1991,0,5.9,12.1,78.6,45.35
TZA,United Republic of Tanzania,1991,1,5.6,9.3,67,38.15
TZA,United Republic of Tanzania,1991,999,5.8,10.6,72.8,41.7
TZA,United Republic of Tanzania,1996,0,5,13.3,78,45.65
TZA,United Republic of Tanzania,1996,1,4.2,9.5,67.7,38.6
TZA,United Republic of Tanzania,1996,999,4.6,11.4,72.9,42.15
TZA,United Republic of Tanzania,1999,0,4.7,7.5,75.1,41.3
TZA,United Republic of Tanzania,1999,1,1.8,7.8,66.4,37.1
TZA,United Republic of Tanzania,1999,999,3.3,7.6,70.8,39.2
TZA,United Republic of Tanzania,2004,0,5.5,5.4,66.8,36.1
TZA,United Republic of Tanzania,2004,1,4.3,3.6,57.6,30.6
TZA,United Republic of Tanzania,2004,999,4.9,4.5,62.1,33.3
TZA,United Republic of Tanzania,2009,0,5,3.5,65.2,34.35
TZA,United Republic of Tanzania,2009,1,4.5,3.9,56.6,30.25
TZA,United Republic of Tanzania,2009,999,4.7,3.7,60.7,32.2
TZA,United Republic of Tanzania,2010,0,5.8,7.6,64.5,36.05
TZA,United Republic of Tanzania,2010,1,4.9,4.8,53.2,29
TZA,United Republic of Tanzania,2010,999,5.4,6.2,58.8,32.5
TZA,United Republic of Tanzania,2011,0,5.9,7.9,49.3,28.6
TZA,United Republic of Tanzania,2011,1,4.4,8,44.6,26.3
TZA,United Republic of Tanzania,2011,999,5.1,7.9,47,27.45
TZA,United Republic of Tanzania,2013,0,4.8,5.6,55.3,30.45
TZA,United Republic of Tanzania,2013,1,5.3,6.3,47.8,27.05
TZA,United Republic of Tanzania,2013,999,5.1,5.9,51.5,28.7
TZA,United Republic of Tanzania,2014,999,3.5,4.7,46.2,25.45
TZA,United Republic of Tanzania,2015,0,3.8,6.4,49.5,27.95
TZA,United Republic of Tanzania,2015,1,3.6,5,42.9,23.95
TZA,United Republic of Tanzania,2015,999,3.7,5.7,46.2,25.95
TZA,United Republic of Tanzania,2018,999,2.8,3.9,41.8,22.85
UGA,Uganda,1988,0,3.6,4.1,75.5,39.8
UGA,Uganda,1988,1,3.7,4,62.5,33.25
UGA,Uganda,1988,999,3.6,4,68.9,36.45
UGA,Uganda,2000,0,5.4,7.8,70,38.9
UGA,Uganda,2000,1,4.5,5.2,59.4,32.3
UGA,Uganda,2000,999,4.9,6.5,64.7,35.6
UGA,Uganda,2006,0,5.1,9.9,58,33.95
UGA,Uganda,2006,1,4.7,6.8,49.3,28.05
UGA,Uganda,2006,999,4.9,8.4,53.7,31.05
UGA,Uganda,2009,0,4.2,7.2,59.5,33.35
UGA,Uganda,2009,1,2.2,4.5,47.5,26
UGA,Uganda,2009,999,3.2,5.8,53.7,29.75
UGA,Uganda,2011,0,4.4,5.7,52.8,29.25
UGA,Uganda,2011,1,3.2,6.5,41.6,24.05
UGA,Uganda,2011,999,3.8,6.1,47.2,26.65
UGA,Uganda,2012,0,7.3,5.1,49.8,27.45
UGA,Uganda,2012,1,4.5,4,44,24
UGA,Uganda,2012,999,5.8,4.5,46.7,25.6
UGA,Uganda,2014,0,4.3,5.1,49.9,27.5
UGA,Uganda,2014,1,2.9,4.5,42.2,23.35
UGA,Uganda,2014,999,3.6,4.7,46.1,25.4
UGA,Uganda,2016,0,4.9,5.7,42.1,23.9
UGA,Uganda,2016,1,2.6,3.9,34.2,19.05
UGA,Uganda,2016,999,3.7,4.8,38.2,21.5
UKR,Ukraine,2000,0,27.3,12.4,36,24.2
UKR,Ukraine,2000,1,25.5,11.5,35,23.25
UKR,Ukraine,2000,999,26.5,12,35.6,23.8
URY,Uruguay,2002,0,10.2,3.2,21.4,12.3
URY,Uruguay,2002,1,9.8,2.5,17.6,10.05
URY,Uruguay,2002,999,10,2.9,19.5,11.2
URY,Uruguay,2004,0,10.1,3.7,21.7,12.7
URY,Uruguay,2004,1,8.6,3.6,15.5,9.55
URY,Uruguay,2004,999,9.4,3.7,18.6,11.15
URY,Uruguay,2013,0,10.5,1.9,6.6,4.25
URY,Uruguay,2013,1,9.6,0.7,4.4,2.55
URY,Uruguay,2013,999,10.1,1.3,5.5,3.4
URY,Uruguay,2016,0,9.9,1.3,13.2,7.25
URY,Uruguay,2016,1,10.9,0.6,14.8,7.7
URY,Uruguay,2016,999,10.4,0.9,14,7.45
URY,Uruguay,2018,0,11,2,8.9,5.45
URY,Uruguay,2018,1,11.8,1.3,6.8,4.05
URY,Uruguay,2018,999,11.4,1.6,7.9,4.75
USA,United States,1991,0,6.4,0.7,3.6,2.15
USA,United States,1991,1,5.9,0.5,3.5,2
USA,United States,1991,999,6.1,0.6,3.6,2.1
USA,United States,2000,0,9.3,1.1,4.6,2.85
USA,United States,2000,1,7.2,0.2,2.8,1.5
USA,United States,2000,999,8.3,0.6,3.8,2.2
USA,United States,2002,0,8.2,0.6,4.7,2.65
USA,United States,2002,1,6.9,0.1,2.1,1.1
USA,United States,2002,999,7.6,0.3,3.4,1.85
USA,United States,2004,0,8.1,0.7,3,1.85
USA,United States,2004,1,10.8,0.9,2.9,1.9
USA,United States,2004,999,9.4,0.7,3,1.85
USA,United States,2006,0,8,0.7,5.2,2.95
USA,United States,2006,1,7.9,1.4,1.8,1.6
USA,United States,2006,999,8,1.1,3.5,2.3
USA,United States,2008,0,7.1,0.9,3.6,2.25
USA,United States,2008,1,7.6,0.5,1.9,1.2
USA,United States,2008,999,7.4,0.7,2.8,1.75
USA,United States,2010,0,11,0.2,3.2,1.7
USA,United States,2010,1,7,0,2.9,1.45
USA,United States,2010,999,9,0.1,3,1.55
USA,United States,2012,0,5.7,0.2,3.4,1.8
USA,United States,2012,1,7.2,0.5,1.8,1.15
USA,United States,2012,999,6.4,0.3,2.6,1.45
USA,United States,2014,0,7.8,0.6,2.8,1.7
USA,United States,2014,1,8.6,0,2.4,1.2
USA,United States,2014,999,8.2,0.3,2.6,1.45
USA,United States,2016,0,10.6,0.7,5,2.85
USA,United States,2016,1,8.2,0.2,3.4,1.8
USA,United States,2016,999,9.4,0.5,4.2,2.35
USA,United States,2018,0,12.8,0.2,2.9,1.55
USA,United States,2018,1,5.7,0,4.9,2.45
USA,United States,2018,999,9.4,0.1,3.8,1.95
UZB,Uzbekistan,2002,0,11.5,12.5,37,24.75
UZB,Uzbekistan,2002,1,10.5,13.2,34.2,23.7
UZB,Uzbekistan,2002,999,11,12.9,35.7,24.3
UZB,Uzbekistan,2006,0,12.6,7.2,26.7,16.95
UZB,Uzbekistan,2006,1,11.8,4.8,27.5,16.15
UZB,Uzbekistan,2006,999,12.2,6,27.1,16.55
UZB,Uzbekistan,2017,0,5.4,2.2,13.8,8
UZB,Uzbekistan,2017,1,3.6,2,11.9,6.95
UZB,Uzbekistan,2017,999,4.6,2.1,12.9,7.5
VNM,Viet Nam,1993,0,3.3,9.1,93.3,51.2
VNM,Viet Nam,1993,1,2.5,6.9,89,47.95
VNM,Viet Nam,1993,999,2.9,8,91.2,49.6
VNM,Viet Nam,1999,0,2,15.2,64.3,39.75
VNM,Viet Nam,1999,1,1.6,12.3,57.8,35.05
VNM,Viet Nam,1999,999,1.8,13.8,61.1,37.45
VNM,Viet Nam,2000,0,2.5,8.3,59.4,33.85
VNM,Viet Nam,2000,1,2.6,5.9,59.7,32.8
VNM,Viet Nam,2000,999,2.6,7.1,59.6,33.35
VNM,Viet Nam,2002,999,2.6,11.3,51.3,31.3
VNM,Viet Nam,2003,999,2.2,13.7,48.1,30.9
VNM,Viet Nam,2004,999,2.7,14.1,45.5,29.8
VNM,Viet Nam,2005,999,2.6,13.5,45,29.25
VNM,Viet Nam,2006,999,3.1,12.4,42.7,27.55
VNM,Viet Nam,2007,999,2.9,12.5,43.6,28.05
VNM,Viet Nam,2008,999,3,12.2,40.2,26.2
VNM,Viet Nam,2009,999,5.6,10.9,39.8,25.35
VNM,Viet Nam,2010,0,5.5,5.5,30.4,17.95
VNM,Viet Nam,2010,1,3.4,5.1,26.9,16
VNM,Viet Nam,2010,999,4.5,5.3,28.7,17
VNM,Viet Nam,2013,999,4.6,7.9,35.4,21.65
VNM,Viet Nam,2014,999,3.5,11.6,34.6,23.1
VNM,Viet Nam,2015,999,5.3,7.8,32.8,20.3
VNM,Viet Nam,2017,999,5.9,7,30.7,18.85
VUT,Vanuatu,2008,0,5.4,8.1,39.8,23.95
VUT,Vanuatu,2008,1,4,7.5,26.7,17.1
VUT,Vanuatu,2008,999,4.7,7.8,33.6,20.7
VUT,Vanuatu,2013,0,5.2,7.4,47.5,27.45
VUT,Vanuatu,2013,1,4.7,5.1,31.9,18.5
VUT,Vanuatu,2013,999,4.9,6.2,39.9,23.05
WSM,Samoa,2014,0,6.2,4.3,7.9,6.1
WSM,Samoa,2014,1,4.4,6.3,5.3,5.8
WSM,Samoa,2014,999,5.3,5.2,6.7,5.95
YEM,Yemen,1991,0,4.8,22.2,63.6,42.9
YEM,Yemen,1991,1,10.8,17.3,85.1,51.2
YEM,Yemen,1991,999,8.1,19.5,75.4,47.45
YEM,Yemen,1997,0,3.7,24.7,89.6,57.15
YEM,Yemen,1997,1,3.8,21.6,82.9,52.25
YEM,Yemen,1997,999,3.7,23.3,86.4,54.85
YEM,Yemen,2003,0,4.7,24,94.6,59.3
YEM,Yemen,2003,1,5.1,19.2,92.3,55.75
YEM,Yemen,2003,999,4.9,21.7,93.5,57.6
YEM,Yemen,2005,0,5.7,20.6,95,57.8
YEM,Yemen,2005,1,6.9,15.7,86.4,51.05
YEM,Yemen,2005,999,6.3,18.2,90.9,54.55
YEM,Yemen,2011,0,1.4,19.2,69.5,44.35
YEM,Yemen,2011,1,1.6,14,67.2,40.6
YEM,Yemen,2011,999,1.5,16.7,68.4,42.55
YEM,Yemen,2013,0,2.4,23.8,72.2,48
YEM,Yemen,2013,1,2.5,19.6,66.6,43.1
YEM,Yemen,2013,999,2.5,21.8,69.4,45.6
ZAF,South Africa,2008,0,14.5,6.6,36.1,21.35
ZAF,South Africa,2008,1,11.9,7.7,32.4,20.05
ZAF,South Africa,2008,999,13.2,7.2,34.2,20.7
ZAF,South Africa,2015,0,15.6,5.9,31.7,18.8
ZAF,South Africa,2015,1,11.6,3.9,22.6,13.25
ZAF,South Africa,2015,999,13.6,4.8,27.1,15.95
ZAF,South Africa,2016,0,15.5,2.8,42.4,22.6
ZAF,South Africa,2016,1,11,3.2,32.4,17.8
ZAF,South Africa,2016,999,13.3,3.1,37.5,20.3
ZAF,South Africa,2017,0,11.6,5.5,33.5,19.5
ZAF,South Africa,2017,1,11.6,4.6,23.1,13.85
ZAF,South Africa,2017,999,11.6,5.1,28.3,16.7
ZMB,Zambia,1992,0,5.2,8.4,72.4,40.4
ZMB,Zambia,1992,1,4.2,8.6,60.2,34.4
ZMB,Zambia,1992,999,4.7,8.5,66.2,37.35
ZMB,Zambia,1996,0,6.4,8.6,75.5,42.05
ZMB,Zambia,1996,1,6,5.5,67.7,36.6
ZMB,Zambia,1996,999,6.2,7,71.6,39.3
ZMB,Zambia,1999,0,13.3,7.5,94.4,50.95
ZMB,Zambia,1999,1,14.7,6.1,92.7,49.4
ZMB,Zambia,1999,999,14,6.8,93.6,50.2
ZMB,Zambia,2002,0,6.4,9.2,83.3,46.25
ZMB,Zambia,2002,1,5.4,7.8,77,42.4
ZMB,Zambia,2002,999,5.9,8.5,80.1,44.3
ZMB,Zambia,2007,0,8.6,8.3,73,40.65
ZMB,Zambia,2007,1,8.3,7.5,62,34.75
ZMB,Zambia,2007,999,8.4,7.9,67.4,37.65
ZMB,Zambia,2013,0,6.6,9.3,61.6,35.45
ZMB,Zambia,2013,1,5.9,8.2,53.3,30.75
ZMB,Zambia,2013,999,6.2,8.7,57.4,33.05
ZMB,Zambia,2018,0,5.4,6.4,51.9,29.15
ZMB,Zambia,2018,1,5,5.1,41.1,23.1
ZMB,Zambia,2018,999,5.2,5.7,46.4,26.05
ZWE,Zimbabwe,1988,0,6.8,1.9,45.4,23.65
ZWE,Zimbabwe,1988,1,3.9,2.2,37.1,19.65
ZWE,Zimbabwe,1988,999,5.4,2.1,41.3,21.7
ZWE,Zimbabwe,1999,0,10.8,13.1,51.2,32.15
ZWE,Zimbabwe,1999,1,10.2,11.7,44.7,28.2
ZWE,Zimbabwe,1999,999,10.5,12.4,48,30.2
ZWE,Zimbabwe,2005,0,9.4,10.4,53.9,32.15
ZWE,Zimbabwe,2005,1,8.3,9.7,46,27.85
ZWE,Zimbabwe,2005,999,8.8,10.1,49.9,30
ZWE,Zimbabwe,2009,0,4.3,3.3,50.4,26.85
ZWE,Zimbabwe,2009,1,2.7,2.5,42.5,22.5
ZWE,Zimbabwe,2009,999,3.5,2.9,46.5,24.7
ZWE,Zimbabwe,2010,0,6.7,4.7,49,26.85
ZWE,Zimbabwe,2010,1,4.9,3.3,37.9,20.6
ZWE,Zimbabwe,2010,999,5.8,4,43.4,23.7
ZWE,Zimbabwe,2014,0,3.6,4.6,40.8,22.7
ZWE,Zimbabwe,2014,1,3.5,3.4,29.9,16.65
ZWE,Zimbabwe,2014,999,3.6,3.9,35.4,19.65
ZWE,Zimbabwe,2015,0,6.2,4.6,40.8,22.7
ZWE,Zimbabwe,2015,1,5.1,4.2,31.5,17.85
ZWE,Zimbabwe,2015,999,5.6,4.4,36.1,20.25
ZWE,Zimbabwe,2019,0,2.9,3.4,33.4,18.4
ZWE,Zimbabwe,2019,1,2.2,3.1,25.1,14.1
ZWE,Zimbabwe,2019,999,2.5,3.2,29.2,16.2
